{
  "prov_name": "KALIMANTAN SELATAN",
  "num_kab": 13,
  "aggregated": true,
  "data": {
    "time": [
      "2018",
      "2019",
      "2020",
      "2021",
      "2022",
      "2023",
      "2024"
    ],
    "shortwave_radiation": [
      195.84935016906172,
      206.30878117316473,
      185.9840619307832,
      181.61207411310153,
      193.30146645591853,
      208.80215138742537,
      204.7607733664185
    ],
    "diffuse_radiation": [
      83.26070724147645,
      79.98566912539515,
      81.90180573069917,
      83.71383912890762,
      88.32514049877062,
      82.82722163681068,
      80.67232216708022
    ],
    "direct_normal_irradiance": [
      157.18049274443513,
      177.9088136635053,
      145.51797936808185,
      137.25852564102573,
      145.4202432384968,
      175.62082543027742,
      193.13954301075273
    ]
  }
}