{
  "prov_name": "KALIMANTAN SELATAN",
  "num_kab": 13,
  "aggregated": true,
  "data": {
    "time": [
      "2018-01",
      "2018-02",
      "2018-03",
      "2018-04",
      "2018-05",
      "2018-06",
      "2018-07",
      "2018-08",
      "2018-09",
      "2018-10",
      "2018-11",
      "2018-12",
      "2019-01",
      "2019-02",
      "2019-03",
      "2019-04",
      "2019-05",
      "2019-06",
      "2019-07",
      "2019-08",
      "2019-09",
      "2019-10",
      "2019-11",
      "2019-12",
      "2020-01",
      "2020-02",
      "2020-03",
      "2020-04",
      "2020-05",
      "2020-06",
      "2020-07",
      "2020-08",
      "2020-09",
      "2020-10",
      "2020-11",
      "2020-12",
      "2021-01",
      "2021-02",
      "2021-03",
      "2021-04",
      "2021-05",
      "2021-06",
      "2021-07",
      "2021-08",
      "2021-09",
      "2021-10",
      "2021-11",
      "2021-12",
      "2022-01",
      "2022-02",
      "2022-03",
      "2022-04",
      "2022-05",
      "2022-06",
      "2022-07",
      "2022-08",
      "2022-09",
      "2022-10",
      "2022-11",
      "2022-12",
      "2023-01",
      "2023-02",
      "2023-03",
      "2023-04",
      "2023-05",
      "2023-06",
      "2023-07",
      "2023-08",
      "2023-09",
      "2023-10",
      "2023-11",
      "2023-12",
      "2024-01",
      "2024-02",
      "2024-03",
      "2024-04",
      "2024-05",
      "2024-06",
      "2024-07",
      "2024-08",
      "2024-09",
      "2024-10",
      "2024-11"
    ],
    "shortwave_radiation": [
      188.62797587556872,
      177.98500457875463,
      182.51178660049632,
      196.98066239316242,
      189.90725806451613,
      182.76431623931623,
      198.95378411910673,
      220.7178453267163,
      223.89764957264958,
      211.95885028949544,
      195.74412393162396,
      181.30055831265508,
      184.87510339123244,
      207.72916666666666,
      203.86786600496276,
      184.30779914529916,
      204.1183829611249,
      172.02350427350427,
      213.58964019851115,
      226.23769644334158,
      243.97083333333333,
      221.5515922249793,
      224.85726495726493,
      187.29911083540114,
      187.84191480562453,
      189.40395667550845,
      203.16129032258064,
      187.77489316239314,
      182.94241108354012,
      173.2757478632479,
      175.8311621174524,
      201.00940860215053,
      186.46655982905983,
      188.17411083540114,
      181.92799145299145,
      173.54921422663358,
      154.0501447477254,
      188.37396978021982,
      189.8106906534326,
      222.35128205128206,
      188.48190653432584,
      187.00576923076926,
      180.09325889164595,
      169.77315963606284,
      167.2792735042735,
      192.76395781637714,
      169.2065170940171,
      173.99906947890815,
      196.08643507030607,
      194.7614468864469,
      206.83891645988416,
      217.2035256410256,
      193.72198097601324,
      179.1674145299145,
      181.40622415219192,
      194.0040322580645,
      187.68087606837605,
      178.87272539288668,
      184.57061965811968,
      206.26995450785776,
      181.5502481389578,
      178.47081043956044,
      189.28784119106697,
      207.49764957264958,
      211.88358147229113,
      194.93247863247868,
      200.01137303556658,
      242.62355252274602,
      238.7912393162393,
      243.88637303556658,
      212.0229700854701,
      200.10618279569889,
      189.6454714640199,
      216.09383289124673,
      208.99472704714643,
      217.20758547008546,
      198.55097187758477,
      180.8153846153846,
      203.06120760959473,
      205.34853184449955,
      231.03846153846155,
      202.88647642679902,
      158.72294077603814
    ],
    "diffuse_radiation": [
      94.22928790604168,
      92.99381868131869,
      90.67287014061206,
      78.45929487179488,
      71.90911910669975,
      69.85555555555555,
      68.98076923076923,
      74.3781017369727,
      84.51741452991452,
      88.87510339123243,
      93.72040598290597,
      93.11279983457402,
      94.56255169561622,
      92.3412316849817,
      92.70316377171214,
      89.64070512820511,
      71.14174937965261,
      67.55630341880342,
      60.81327543424318,
      69.32950785773366,
      73.44658119658119,
      82.09253515301904,
      76.21207264957265,
      90.48707609594706,
      88.7144334160463,
      86.55006631299736,
      86.12375930521094,
      80.01004273504273,
      73.07330438378825,
      71.14358974358974,
      70.92690239867657,
      74.18817204301075,
      85.93589743589743,
      88.13275434243177,
      86.53942307692306,
      91.52677832919768,
      90.7864971050455,
      92.22138278388277,
      90.16253101736972,
      74.2556623931624,
      68.57712985938794,
      67.11538461538463,
      68.1307899090157,
      80.23759305210919,
      87.82863247863247,
      93.5123035566584,
      95.21057692307691,
      97.45916046319272,
      96.79394127377999,
      96.05597527472528,
      91.73604218362283,
      79.53536324786326,
      77.87582712985937,
      75.5246794871795,
      73.94458229942101,
      85.5237799834574,
      92.132905982906,
      98.1598428453267,
      100.11816239316241,
      92.03153432588917,
      102.09894540942926,
      103.82635073260076,
      95.98728287841189,
      86.88920940170941,
      69.81131100082713,
      67.64209401709402,
      68.32557899090158,
      66.287841191067,
      78.48995726495725,
      80.93899917287014,
      89.04829059829058,
      87.2662324234905,
      94.88544251447478,
      86.8790893015031,
      92.837158808933,
      77.89155982905984,
      74.38906120760959,
      72.80630341880342,
      66.31813482216708,
      81.55159222497932,
      83.90320512820514,
      83.10235732009924,
      19.662355343771267
    ],
    "direct_normal_irradiance": [
      130.61978626600364,
      112.9725045787546,
      121.32780190239866,
      163.6006517094017,
      171.81043217535156,
      171.07139957264963,
      195.4905500413565,
      204.5191480562449,
      186.80761752136758,
      164.23241315136477,
      138.51262820512824,
      122.80037220843673,
      124.93844086021505,
      157.14391025641027,
      149.77650951199342,
      129.78064102564102,
      193.76223118279557,
      159.44847222222228,
      230.10561414392058,
      221.7812965260546,
      231.50577991452985,
      187.38188585607938,
      207.9971153846153,
      137.94713606286183,
      138.81032878411912,
      139.0541887709991,
      154.64005376344087,
      147.32509615384615,
      158.45721670802317,
      156.08670940170938,
      155.0770161290323,
      178.27943548387097,
      133.71532051282057,
      133.83490488006615,
      132.64465811965817,
      117.40793010752685,
      89.26709057071957,
      130.23968635531133,
      133.45368072787429,
      206.7817628205128,
      174.1795595533499,
      180.27290598290605,
      166.03796526054592,
      126.71852770885032,
      105.53719017094019,
      130.0014888337469,
      99.47174145299144,
      108.44996898263027,
      137.3005066170389,
      132.4954212454212,
      153.3824958643507,
      189.41327991452997,
      165.0555934656741,
      153.94110042735048,
      158.96496071133166,
      152.93431555004128,
      125.52452991452991,
      105.38975392886685,
      113.4153205128205,
      158.79680521091814,
      110.31637717121589,
      101.65431547619043,
      121.77263234077749,
      162.36571581196574,
      205.87790529363107,
      191.2229273504273,
      194.57000620347395,
      248.41268610421838,
      214.9080662393162,
      217.80109594706371,
      170.44525641025638,
      158.02028535980148,
      129.12334574028128,
      176.15719496021225,
      154.8888130686518,
      188.82077991452994,
      178.54769437551698,
      161.08573717948715,
      203.76941687344913,
      173.77478287841194,
      196.2687927350427,
      157.94829404466503,
      1564.937372362151
    ]
  }
}