{
  "prov_name": "ACEH",
  "num_kab": 23,
  "aggregated": true,
  "data": {
    "time": [
      "2018-01",
      "2018-02",
      "2018-03",
      "2018-04",
      "2018-05",
      "2018-06",
      "2018-07",
      "2018-08",
      "2018-09",
      "2018-10",
      "2018-11",
      "2018-12",
      "2019-01",
      "2019-02",
      "2019-03",
      "2019-04",
      "2019-05",
      "2019-06",
      "2019-07",
      "2019-08",
      "2019-09",
      "2019-10",
      "2019-11",
      "2019-12",
      "2020-01",
      "2020-02",
      "2020-03",
      "2020-04",
      "2020-05",
      "2020-06",
      "2020-07",
      "2020-08",
      "2020-09",
      "2020-10",
      "2020-11",
      "2020-12",
      "2021-01",
      "2021-02",
      "2021-03",
      "2021-04",
      "2021-05",
      "2021-06",
      "2021-07",
      "2021-08",
      "2021-09",
      "2021-10",
      "2021-11",
      "2021-12",
      "2022-01",
      "2022-02",
      "2022-03",
      "2022-04",
      "2022-05",
      "2022-06",
      "2022-07",
      "2022-08",
      "2022-09",
      "2022-10",
      "2022-11",
      "2022-12",
      "2023-01",
      "2023-02",
      "2023-03",
      "2023-04",
      "2023-05",
      "2023-06",
      "2023-07",
      "2023-08",
      "2023-09",
      "2023-10",
      "2023-11",
      "2023-12",
      "2024-01",
      "2024-02",
      "2024-03",
      "2024-04",
      "2024-05",
      "2024-06",
      "2024-07",
      "2024-08",
      "2024-09",
      "2024-10",
      "2024-11"
    ],
    "shortwave_radiation": [
      172.63811972968122,
      209.9550336438923,
      216.62640252454418,
      195.22512077294684,
      184.4704885460496,
      206.10827294685984,
      203.8394109396915,
      223.8428588125292,
      197.8071859903382,
      176.29908835904627,
      163.04064009661832,
      182.80785413744738,
      193.92262739597945,
      224.5322204968944,
      225.9451846657316,
      210.4884661835749,
      200.5485039738196,
      199.7724033816425,
      212.2764726507714,
      215.33456054230956,
      208.84287439613522,
      178.9217508181393,
      188.1333333333333,
      177.5050841514727,
      217.5228494623656,
      219.9580209895053,
      231.0444132772323,
      199.01358695652175,
      176.93267882187936,
      200.02650966183572,
      192.0954301075269,
      215.37312996727442,
      195.96316425120776,
      189.58777466105656,
      160.2909420289855,
      159.4552360916316,
      169.49427302477795,
      237.20833333333334,
      206.89019401589525,
      207.3407608695652,
      189.9830528284245,
      198.1416062801932,
      200.08800841514724,
      186.74164329125762,
      202.0559178743962,
      212.59952080411412,
      166.67572463768113,
      191.47463768115944,
      213.18636044880787,
      207.82848084886126,
      217.89820009350163,
      216.24353864734306,
      203.67081580177657,
      194.6832125603865,
      207.76706404862085,
      201.30779569892468,
      213.58134057971014,
      176.8399953249182,
      170.93846618357492,
      158.83613838242172,
      198.9957339878448,
      214.3966744306418,
      226.0097592332866,
      224.86570048309176,
      216.3544880785414,
      214.49692028985513,
      210.2888031790557,
      208.12687003272552,
      199.5187198067633,
      190.6491351098644,
      177.04317632850243,
      177.40819308087893,
      207.7380785413745,
      238.52480009995008,
      237.55323749415612,
      221.91600241545896,
      194.47124824684434,
      205.426268115942,
      221.45278167367928,
      197.25075970079476,
      203.83152173913044,
      183.19354838709677,
      45.872258560984996
    ],
    "diffuse_radiation": [
      84.66921834818493,
      77.21771480331262,
      85.32883356708744,
      86.13683574879228,
      85.2906732117812,
      84.52650966183573,
      84.09350163627865,
      87.1790556334736,
      91.69698067632851,
      87.39440158952782,
      84.15440821256037,
      79.91444600280505,
      79.59747545582049,
      76.02723861283643,
      81.16356942496492,
      84.19027777777778,
      87.02571294997661,
      80.3905193236715,
      76.24269518466573,
      83.96990416082281,
      86.06648550724637,
      87.99059139784947,
      79.64849033816425,
      72.39685600748012,
      69.94740532959325,
      76.65642178910545,
      76.25099345488547,
      82.52898550724638,
      80.65912809724168,
      77.29637681159421,
      79.19518466573166,
      79.760402057036,
      87.6502415458937,
      87.43028284244974,
      81.83091787439612,
      79.53903693314632,
      79.71201496026181,
      70.34543219461699,
      81.98761103319308,
      81.75815217391303,
      80.54791958859279,
      77.14861111111111,
      76.53249181860683,
      84.19232117812062,
      84.07089371980678,
      83.60495558672277,
      89.32614734299514,
      72.28471248246844,
      72.59689107059374,
      84.33643892339543,
      86.75999298737729,
      85.43574879227054,
      84.4055633473586,
      85.36105072463769,
      84.13867461430576,
      86.92835437120151,
      92.7381642512077,
      93.36255259467042,
      86.81739130434784,
      82.84753389434314,
      83.04026414212248,
      85.03558488612836,
      85.09239130434783,
      83.19764492753625,
      78.70687237026648,
      77.6748188405797,
      81.6290906965872,
      90.61775362318839,
      93.75579710144928,
      92.24263674614308,
      89.35555555555557,
      80.93811360448807,
      78.61489013557738,
      73.0806471764118,
      79.49760402057036,
      83.89311594202901,
      87.06293828892007,
      79.27445652173914,
      82.53944600280506,
      87.69863253856941,
      88.11871980676328,
      72.28950444132772,
      15.943055021161985
    ],
    "direct_normal_irradiance": [
      128.01642844327486,
      187.4151397515528,
      179.76570827489485,
      148.52062801932368,
      139.36455119214585,
      172.23922705314013,
      168.50512505843852,
      185.243139317438,
      142.1202777777778,
      121.74666900420753,
      112.91337560386474,
      153.26805750350627,
      167.29692613370733,
      208.89480460662529,
      198.13213534361847,
      170.75634661835753,
      158.1540790088827,
      170.22096014492755,
      194.40029803646564,
      180.41434081346424,
      165.6082910628019,
      125.91935483870967,
      156.59579710144928,
      157.01363955119214,
      220.64498013090233,
      202.80645927036483,
      211.7538510986442,
      156.5079528985507,
      133.70642823749415,
      174.40307367149757,
      160.0974345488546,
      186.44075502571295,
      144.15607487922705,
      138.85963651238902,
      112.38890096618358,
      118.66564399251986,
      129.40815801776526,
      235.64840191511385,
      170.39132772323515,
      171.50549516908214,
      154.2149777933614,
      173.75146135265697,
      176.2827840112202,
      140.19431393174378,
      160.7626207729469,
      178.66356358111264,
      109.20887077294685,
      180.13431510051424,
      207.82227092099112,
      170.6906379399586,
      176.93287751285644,
      177.84596618357492,
      167.32928938756422,
      155.56886473429952,
      175.05107526881721,
      156.40482117812064,
      161.18243961352653,
      112.89950911640956,
      120.8454649758454,
      110.32197872837776,
      167.48888499298738,
      180.67608695652171,
      191.01023842917252,
      193.11725241545892,
      194.35853202431045,
      197.3564130434783,
      183.54416783543718,
      159.77644343151002,
      142.10443840579705,
      136.05132655446468,
      125.19594202898547,
      143.672072230014,
      189.24168419822348,
      233.8451086956522,
      214.41849579242637,
      188.0659420289855,
      151.0857410004675,
      181.22585748792272,
      196.25497896213182,
      151.20934431977557,
      155.0856823671498,
      153.11293828892005,
      46.10877260484802
    ]
  }
}