{
  "prov_name": "SULAWESI BARAT",
  "num_kab": 6,
  "aggregated": true,
  "data": {
    "time": [
      "2018-01",
      "2018-02",
      "2018-03",
      "2018-04",
      "2018-05",
      "2018-06",
      "2018-07",
      "2018-08",
      "2018-09",
      "2018-10",
      "2018-11",
      "2018-12",
      "2019-01",
      "2019-02",
      "2019-03",
      "2019-04",
      "2019-05",
      "2019-06",
      "2019-07",
      "2019-08",
      "2019-09",
      "2019-10",
      "2019-11",
      "2019-12",
      "2020-01",
      "2020-02",
      "2020-03",
      "2020-04",
      "2020-05",
      "2020-06",
      "2020-07",
      "2020-08",
      "2020-09",
      "2020-10",
      "2020-11",
      "2020-12",
      "2021-01",
      "2021-02",
      "2021-03",
      "2021-04",
      "2021-05",
      "2021-06",
      "2021-07",
      "2021-08",
      "2021-09",
      "2021-10",
      "2021-11",
      "2021-12",
      "2022-01",
      "2022-02",
      "2022-03",
      "2022-04",
      "2022-05",
      "2022-06",
      "2022-07",
      "2022-08",
      "2022-09",
      "2022-10",
      "2022-11",
      "2022-12",
      "2023-01",
      "2023-02",
      "2023-03",
      "2023-04",
      "2023-05",
      "2023-06",
      "2023-07",
      "2023-08",
      "2023-09",
      "2023-10",
      "2023-11",
      "2023-12",
      "2024-01",
      "2024-02",
      "2024-03",
      "2024-04",
      "2024-05",
      "2024-06",
      "2024-07",
      "2024-08",
      "2024-09",
      "2024-10",
      "2024-11"
    ],
    "shortwave_radiation": [
      199.9839523154516,
      196.81299603174602,
      207.12948028673836,
      203.00578703703704,
      188.26344086021504,
      181.13472222222222,
      194.76232078853045,
      218.2103494623656,
      237.11898148148148,
      227.91666666666666,
      210.0875,
      200.86783154121864,
      206.80152329749103,
      219.38566468253967,
      225.40501792114696,
      194.79004629629628,
      207.81294802867384,
      178.13379629629628,
      200.93346774193546,
      227.95743727598565,
      248.47939814814814,
      231.57370071684588,
      232.50069444444443,
      207.56070788530465,
      207.02464157706095,
      215.6513409961686,
      216.49775985663084,
      216.46319444444444,
      189.76545698924733,
      183.49421296296296,
      172.1301523297491,
      206.58378136200713,
      202.5696759259259,
      215.84520609318997,
      205.07268518518524,
      200.1606182795699,
      190.5114247311828,
      226.812748015873,
      215.64112903225808,
      229.30648148148146,
      196.2603046594982,
      192.9965277777778,
      172.97782258064515,
      183.41868279569894,
      200.2650462962963,
      218.39941756272404,
      202.90902777777777,
      206.913082437276,
      227.46863799283156,
      216.82242063492063,
      229.7383512544803,
      227.78125,
      196.9361559139785,
      197.43680555555557,
      180.11155913978496,
      200.95362903225808,
      214.10138888888886,
      206.4744623655914,
      206.67615740740737,
      213.84072580645162,
      211.4027777777778,
      218.32242063492063,
      217.89493727598565,
      228.38472222222222,
      209.9065860215054,
      195.39444444444447,
      212.82661290322577,
      238.87432795698928,
      246.58032407407407,
      253.21684587813618,
      225.2210648148148,
      228.87141577060933,
      216.0129928315412,
      242.38218390804596,
      224.1673387096774,
      218.699537037037,
      199.39045698924733,
      189.43449074074076,
      196.6402329749104,
      211.3566308243728,
      237.59675925925924,
      203.6527777777778,
      104.73156342182891
    ],
    "diffuse_radiation": [
      86.92434662998623,
      86.78323412698411,
      83.21191756272403,
      75.4074074074074,
      71.79144265232975,
      73.07800925925928,
      70.88620071684588,
      70.293458781362,
      71.98333333333333,
      77.79771505376344,
      83.51435185185186,
      82.84632616487455,
      89.59094982078852,
      85.93601190476191,
      84.45855734767025,
      83.35092592592592,
      72.31339605734767,
      68.01944444444446,
      64.46169354838709,
      63.11402329749104,
      61.929398148148145,
      71.66285842293907,
      68.43981481481482,
      77.71774193548386,
      76.55577956989248,
      83.45354406130268,
      81.08378136200717,
      73.61944444444444,
      72.52284946236558,
      68.98657407407408,
      69.86603942652329,
      67.78673835125448,
      75.22800925925925,
      75.94220430107526,
      75.67523148148148,
      82.3850806451613,
      83.54614695340503,
      82.66840277777777,
      81.80152329749103,
      71.37268518518518,
      69.55689964157706,
      66.53125,
      70.69041218637993,
      75.82818100358423,
      77.16180555555556,
      79.8850806451613,
      80.43032407407408,
      84.19310035842294,
      80.9018817204301,
      86.10739087301589,
      82.6518817204301,
      77.59930555555555,
      76.68525985663082,
      71.59050925925925,
      74.86962365591397,
      79.41151433691756,
      84.25439814814816,
      85.6951164874552,
      84.06319444444445,
      79.56429211469535,
      89.93055555555556,
      89.88392857142857,
      86.5560035842294,
      77.54143518518518,
      74.80712365591397,
      73.16597222222224,
      68.26388888888889,
      64.69220430107528,
      68.74490740740741,
      69.06877240143369,
      78.41967592592592,
      75.06474014336918,
      84.96348566308244,
      78.46288314176245,
      86.89560931899642,
      79.2525462962963,
      74.52486559139784,
      74.2611111111111,
      70.42293906810035,
      73.46774193548386,
      73.13472222222224,
      62.817204301075265,
      -183.13274336283186
    ],
    "direct_normal_irradiance": [
      162.5798257679963,
      152.73504464285716,
      166.6412410394265,
      174.16662037037034,
      165.90351702508966,
      159.2999305555555,
      180.27612007168455,
      209.19168906810037,
      226.52592592592586,
      205.33687275985673,
      176.34782407407405,
      172.90542114695344,
      168.02683691756275,
      184.68670634920633,
      190.22269265232978,
      150.66761574074076,
      193.6717517921147,
      160.94810185185182,
      200.89959677419355,
      233.34753584229392,
      257.40543981481477,
      219.1502688172044,
      234.12131944444445,
      191.03048835125446,
      189.67612007168464,
      182.24248084291193,
      181.40351702508963,
      194.8171759259259,
      165.61541218637993,
      166.93891203703703,
      149.07526881720426,
      195.99605734767025,
      170.33979166666668,
      190.93241487455194,
      187.10194444444446,
      176.35360663082437,
      155.5431227598566,
      197.53908730158727,
      180.6219086021505,
      219.05199074074073,
      179.39455645161289,
      186.58773148148146,
      151.29760304659501,
      150.2654345878136,
      167.55219907407408,
      189.97300627240148,
      175.02490740740743,
      181.96581541218634,
      210.69482526881714,
      178.167931547619,
      197.67085573476697,
      204.91314814814817,
      171.11924283154124,
      186.3565277777778,
      154.81989247311833,
      172.65356182795702,
      177.64773148148151,
      164.5950044802867,
      175.76666666666668,
      196.52598566308248,
      175.648476702509,
      176.88182043650787,
      175.11586021505374,
      205.15071759259266,
      194.70721326164872,
      182.3108101851852,
      211.2733422939069,
      246.85188172043013,
      244.2880324074073,
      255.39383960573488,
      212.4598611111111,
      224.71516577060927,
      188.16915322580644,
      227.22461685823757,
      185.79554211469534,
      189.30310185185184,
      178.27096774193546,
      170.75798611111114,
      183.90291218638,
      195.3713261648746,
      225.5404166666667,
      234.1504256272401,
      751.8935103244839
    ]
  }
}