{
  "prov_name": "SULAWESI BARAT",
  "num_kab": 6,
  "aggregated": true,
  "data": {
    "time": [
      "2018",
      "2019",
      "2020",
      "2021",
      "2022",
      "2023",
      "2024"
    ],
    "shortwave_radiation": [
      205.31332036019535,
      215.18110730593608,
      202.49419398907105,
      202.86714231354642,
      209.5514649923896,
      224.06434550989346,
      212.30954301075266
    ],
    "diffuse_radiation": [
      77.69818376068376,
      74.2214802130898,
      75.23681314511232,
      76.92718797564687,
      80.317199391172,
      76.22669330289193,
      71.95318100358422
    ],
    "direct_normal_irradiance": [
      179.43800938644696,
      198.84925038051753,
      179.11285670916837,
      177.76667617960413,
      182.18233066971072,
      209.1301598173518,
      206.30337141577047
    ]
  }
}