{
  "prov_name": "PAPUA PEGUNUNGAN TENGAH",
  "num_kab": 8,
  "aggregated": true,
  "data": {
    "time": [
      "2018",
      "2019",
      "2020",
      "2021",
      "2022",
      "2023",
      "2024"
    ],
    "shortwave_radiation": [
      180.2796331272894,
      177.67373002283102,
      180.08163991347905,
      184.82348744292239,
      202.01940639269404,
      189.92645547945204,
      188.60840053763442
    ],
    "diffuse_radiation": [
      84.93147607600733,
      83.0457049086758,
      78.78880635245902,
      80.26633847031964,
      82.46180079908676,
      86.78567351598174,
      80.77590725806452
    ],
    "direct_normal_irradiance": [
      133.16378777472548,
      132.0503610159817,
      142.46322432832412,
      147.6891738013698,
      169.5126269977171,
      145.59082049086754,
      170.19064852150535
    ]
  }
}