{
  "prov_name": "PAPUA PEGUNUNGAN TENGAH",
  "num_kab": 8,
  "aggregated": true,
  "data": {
    "time": [
      "2018-01",
      "2018-02",
      "2018-03",
      "2018-04",
      "2018-05",
      "2018-06",
      "2018-07",
      "2018-08",
      "2018-09",
      "2018-10",
      "2018-11",
      "2018-12",
      "2019-01",
      "2019-02",
      "2019-03",
      "2019-04",
      "2019-05",
      "2019-06",
      "2019-07",
      "2019-08",
      "2019-09",
      "2019-10",
      "2019-11",
      "2019-12",
      "2020-01",
      "2020-02",
      "2020-03",
      "2020-04",
      "2020-05",
      "2020-06",
      "2020-07",
      "2020-08",
      "2020-09",
      "2020-10",
      "2020-11",
      "2020-12",
      "2021-01",
      "2021-02",
      "2021-03",
      "2021-04",
      "2021-05",
      "2021-06",
      "2021-07",
      "2021-08",
      "2021-09",
      "2021-10",
      "2021-11",
      "2021-12",
      "2022-01",
      "2022-02",
      "2022-03",
      "2022-04",
      "2022-05",
      "2022-06",
      "2022-07",
      "2022-08",
      "2022-09",
      "2022-10",
      "2022-11",
      "2022-12",
      "2023-01",
      "2023-02",
      "2023-03",
      "2023-04",
      "2023-05",
      "2023-06",
      "2023-07",
      "2023-08",
      "2023-09",
      "2023-10",
      "2023-11",
      "2023-12",
      "2024-01",
      "2024-02",
      "2024-03",
      "2024-04",
      "2024-05",
      "2024-06",
      "2024-07",
      "2024-08",
      "2024-09",
      "2024-10",
      "2024-11"
    ],
    "shortwave_radiation": [
      196.16574965612105,
      183.34151785714286,
      181.38575268817206,
      175.04687500000003,
      178.56502016129033,
      177.16250000000002,
      161.34559811827955,
      178.0394825268817,
      184.72586805555557,
      192.3422379032258,
      177.83177083333334,
      182.04989919354838,
      175.75201612903226,
      175.34765625,
      161.1204637096774,
      157.8703125,
      165.99714381720432,
      159.9142361111111,
      167.5141129032258,
      179.6861559139785,
      205.66302083333332,
      198.35517473118279,
      195.04427083333331,
      187.4516129032258,
      181.36995967741933,
      184.92277298850576,
      165.7498319892473,
      168.9154513888889,
      180.93699596774195,
      173.59965277777778,
      191.05376344086022,
      186.0299059139785,
      190.06041666666667,
      182.60399865591398,
      175.43420138888888,
      182.44052419354838,
      182.50957661290323,
      163.15550595238096,
      186.99361559139786,
      178.9173611111111,
      162.61139112903226,
      183.16145833333331,
      172.2837701612903,
      205.69438844086022,
      199.66770833333334,
      200.7258064516129,
      199.20086805555556,
      181.14432123655914,
      188.09425403225805,
      191.16852678571428,
      211.8882728494624,
      194.41684027777777,
      187.2147177419355,
      213.74947916666667,
      180.69690860215056,
      210.46992607526883,
      227.86649305555557,
      223.36811155913978,
      211.56388888888887,
      183.17540322580646,
      196.82291666666669,
      177.4110863095238,
      197.942876344086,
      178.3581597222222,
      179.1989247311828,
      185.30156250000002,
      176.2311827956989,
      184.5670362903226,
      181.75034722222222,
      214.3135080645161,
      217.13229166666665,
      189.52436155913978,
      181.2489919354839,
      193.10847701149424,
      181.65944220430106,
      196.83402777777778,
      168.52469758064515,
      179.75468750000002,
      178.3807123655914,
      210.66179435483872,
      208.24027777777778,
      188.80628360215056,
      165.3816371681416
    ],
    "diffuse_radiation": [
      88.41127922971114,
      97.48660714285714,
      93.11323924731184,
      87.72656250000001,
      71.56619623655914,
      66.00572916666667,
      70.83854166666666,
      82.50033602150538,
      86.92291666666668,
      91.26982526881721,
      95.60329861111113,
      90.16532258064517,
      97.70312500000001,
      96.23809523809524,
      94.84828629032258,
      87.33854166666667,
      75.63575268817203,
      68.22725694444443,
      69.62886424731184,
      71.26192876344086,
      75.47274305555554,
      86.72849462365592,
      89.975,
      84.6449932795699,
      87.27503360215053,
      87.99874281609195,
      92.46690188172043,
      84.82881944444443,
      69.99529569892474,
      65.50208333333333,
      60.0695564516129,
      67.03813844086022,
      79.97187500000001,
      83.98672715053763,
      83.60260416666667,
      83.1320564516129,
      86.55292338709677,
      93.10788690476191,
      88.02150537634408,
      82.67430555555556,
      74.47143817204301,
      61.60954861111111,
      65.26747311827957,
      67.19926075268818,
      77.42083333333332,
      85.7315188172043,
      88.90260416666666,
      93.69825268817205,
      95.43145161290323,
      96.26506696428571,
      89.21068548387098,
      84.75243055555555,
      78.0682123655914,
      61.55017361111111,
      70.70530913978496,
      71.8496303763441,
      76.54253472222221,
      82.99680779569893,
      88.39409722222223,
      94.43850806451613,
      96.28645833333333,
      98.34635416666669,
      92.54838709677419,
      89.6277777777778,
      81.23202284946237,
      70.28107638888889,
      73.77217741935483,
      80.62516801075269,
      89.8263888888889,
      89.4119623655914,
      87.10260416666667,
      93.03276209677418,
      94.67691532258064,
      97.1860632183908,
      93.85685483870968,
      84.55399305555557,
      75.6305443548387,
      68.40520833333333,
      70.42439516129032,
      70.84038978494624,
      82.97222222222223,
      83.11021505376345,
      -16.55641592920354
    ],
    "direct_normal_irradiance": [
      149.61951513067405,
      113.98141741071426,
      117.8616767473118,
      120.08810763888887,
      156.06962365591392,
      169.23097222222222,
      130.89519489247314,
      133.9302419354839,
      129.97651041666668,
      136.38482862903228,
      112.53578125,
      129.35156250000003,
      105.5168682795699,
      106.06757812500003,
      87.44002016129032,
      97.02706597222223,
      132.54638776881717,
      138.09725694444444,
      145.82095094086023,
      153.34383400537635,
      178.54467013888888,
      149.168313172043,
      142.68934027777775,
      143.51614583333335,
      130.64272513440864,
      129.04428879310342,
      95.94946236559143,
      115.09309027777778,
      161.84952956989244,
      162.91175347222224,
      195.9059307795699,
      169.91686827956988,
      149.23234374999998,
      131.66989247311824,
      127.43763888888887,
      141.45653561827956,
      133.51160954301074,
      95.58413318452378,
      130.62951948924731,
      134.94345486111112,
      127.58904569892472,
      187.71772569444445,
      158.30628360215047,
      198.0055275537634,
      167.28809027777783,
      156.15940860215053,
      153.32678819444448,
      124.60591397849466,
      128.4852318548387,
      126.51973586309522,
      166.06233198924733,
      151.7633854166667,
      161.3301075268817,
      235.17128472222223,
      164.40838373655907,
      199.30336021505374,
      208.55039930555557,
      193.19000336021506,
      172.3155555555556,
      125.01147513440857,
      141.31955645161293,
      108.53638392857144,
      144.01743951612906,
      123.81157986111113,
      143.33212365591396,
      174.18951388888888,
      151.89795026881725,
      145.97284946236553,
      123.87774305555556,
      168.3962533602151,
      181.4693576388889,
      138.20715725806448,
      122.52012768817205,
      129.14031968390802,
      118.1808299731183,
      158.43131944444448,
      137.12898185483868,
      170.2105381944444,
      163.95557795698917,
      203.4617775537634,
      173.83991319444445,
      146.81211357526882,
      1313.7923672566371
    ]
  }
}