{
  "prov_name": "RIAU",
  "num_kab": 12,
  "aggregated": true,
  "data": {
    "time": [
      "2018-01",
      "2018-02",
      "2018-03",
      "2018-04",
      "2018-05",
      "2018-06",
      "2018-07",
      "2018-08",
      "2018-09",
      "2018-10",
      "2018-11",
      "2018-12",
      "2019-01",
      "2019-02",
      "2019-03",
      "2019-04",
      "2019-05",
      "2019-06",
      "2019-07",
      "2019-08",
      "2019-09",
      "2019-10",
      "2019-11",
      "2019-12",
      "2020-01",
      "2020-02",
      "2020-03",
      "2020-04",
      "2020-05",
      "2020-06",
      "2020-07",
      "2020-08",
      "2020-09",
      "2020-10",
      "2020-11",
      "2020-12",
      "2021-01",
      "2021-02",
      "2021-03",
      "2021-04",
      "2021-05",
      "2021-06",
      "2021-07",
      "2021-08",
      "2021-09",
      "2021-10",
      "2021-11",
      "2021-12",
      "2022-01",
      "2022-02",
      "2022-03",
      "2022-04",
      "2022-05",
      "2022-06",
      "2022-07",
      "2022-08",
      "2022-09",
      "2022-10",
      "2022-11",
      "2022-12",
      "2023-01",
      "2023-02",
      "2023-03",
      "2023-04",
      "2023-05",
      "2023-06",
      "2023-07",
      "2023-08",
      "2023-09",
      "2023-10",
      "2023-11",
      "2023-12",
      "2024-01",
      "2024-02",
      "2024-03",
      "2024-04",
      "2024-05",
      "2024-06",
      "2024-07",
      "2024-08",
      "2024-09",
      "2024-10",
      "2024-11"
    ],
    "shortwave_radiation": [
      178.26432828977534,
      199.6262400793651,
      199.18279569892476,
      194.61238425925924,
      179.81978046594986,
      184.66527777777776,
      201.95788530465953,
      207.90961021505373,
      206.1730324074074,
      185.57067652329746,
      178.76296296296297,
      179.95934139784947,
      194.05981182795702,
      209.15625,
      221.33658154121864,
      195.87824074074072,
      191.2837141577061,
      174.1355324074074,
      207.27665770609318,
      217.26008064516134,
      220.32442129629632,
      208.09666218637994,
      201.3876157407407,
      176.74910394265234,
      198.22009408602153,
      207.65158045977012,
      214.7040770609319,
      190.67719907407403,
      180.57482078853047,
      174.4020833333333,
      176.84632616487454,
      197.81025985663086,
      181.0116898148148,
      194.08120519713262,
      168.9037037037037,
      181.8567428315412,
      164.17876344086025,
      223.4957837301587,
      208.34845430107524,
      204.39837962962963,
      184.7959229390681,
      202.59525462962964,
      198.88754480286738,
      184.44310035842292,
      196.34479166666665,
      219.37668010752688,
      211.7199074074074,
      194.79323476702507,
      217.71908602150532,
      206.37772817460313,
      237.6073028673835,
      223.05925925925922,
      218.3278449820788,
      193.11574074074073,
      205.11514336917563,
      203.1191756272401,
      202.1695601851852,
      193.81283602150538,
      203.69675925925927,
      193.49574372759855,
      192.266353046595,
      213.2852182539682,
      222.6139112903226,
      221.6329861111111,
      212.76075268817203,
      212.55092592592595,
      200.8965053763441,
      204.94545250896059,
      225.86828703703702,
      220.0459229390681,
      208.81493055555552,
      187.99327956989248,
      183.0831093189964,
      215.14128352490422,
      231.4844310035842,
      209.2081018518519,
      193.28214605734766,
      195.0050925925926,
      217.14964157706095,
      202.58870967741936,
      213.00219907407407,
      199.25884856630822,
      52.235250737463126
    ],
    "diffuse_radiation": [
      93.60614397065568,
      88.24789186507935,
      90.74507168458781,
      89.99537037037038,
      83.81238799283153,
      82.43807870370371,
      80.36200716845877,
      84.31944444444444,
      93.44212962962962,
      96.56283602150536,
      94.83854166666667,
      93.61637544802868,
      91.54245071684589,
      87.47333829365078,
      87.15781810035843,
      92.1082175925926,
      85.50246415770609,
      80.8341435185185,
      72.68873207885304,
      79.30611559139786,
      81.80983796296297,
      90.83411738351253,
      81.7724537037037,
      83.51108870967741,
      81.5091845878136,
      86.07590996168581,
      85.23252688172043,
      86.45925925925927,
      83.83781362007169,
      75.12256944444447,
      79.49764784946238,
      81.69310035842294,
      89.3377314814815,
      94.06664426523297,
      89.21307870370369,
      87.1717069892473,
      87.05667562724015,
      85.25595238095238,
      84.92271505376344,
      86.30706018518516,
      82.85315860215051,
      75.95115740740741,
      76.1255600358423,
      86.19982078853047,
      87.93113425925925,
      89.52643369175627,
      88.0707175925926,
      89.1888440860215,
      82.38228046594982,
      93.21837797619048,
      84.82795698924731,
      87.77037037037037,
      77.44175627240143,
      87.4417824074074,
      79.7111335125448,
      88.57426075268818,
      97.22754629629632,
      100.00728046594982,
      95.14016203703704,
      94.37443996415773,
      98.15389784946238,
      93.99404761904763,
      87.72244623655915,
      88.78310185185187,
      80.18716397849461,
      75.09456018518519,
      81.87645609318996,
      88.17865143369175,
      87.5292824074074,
      92.52016129032258,
      91.121875,
      92.35483870967744,
      92.47435035842291,
      91.9286398467433,
      84.23700716845877,
      90.7949074074074,
      84.71852598566309,
      78.25995370370372,
      74.19937275985664,
      88.24227150537634,
      92.5287037037037,
      73.98891129032258,
      -75.19100294985252
    ],
    "direct_normal_irradiance": [
      118.70914718019252,
      152.01228918650793,
      142.83590949820785,
      140.62920138888887,
      132.9397961469534,
      146.79753472222225,
      172.40588037634404,
      168.18799283154124,
      148.85520833333334,
      116.36459453405017,
      116.57936342592592,
      123.85010080645161,
      146.33325492831543,
      166.68324652777775,
      181.90902777777777,
      139.01376157407407,
      148.52214381720427,
      134.56112268518518,
      193.70313620071684,
      188.67111335125446,
      185.9384490740741,
      157.2919242831541,
      169.39445601851853,
      136.22657930107528,
      170.1723678315412,
      169.64980842911876,
      175.06656586021504,
      141.02189814814815,
      135.56168234767026,
      144.3180671296296,
      137.6065188172043,
      158.2793794802868,
      120.17075231481482,
      134.3207213261649,
      111.27175925925928,
      139.36740591397842,
      111.16748431899639,
      190.89032738095239,
      165.01345206093188,
      159.09626157407408,
      141.81614023297487,
      181.82315972222227,
      173.8608310931899,
      132.5023633512545,
      142.31048611111112,
      172.878416218638,
      172.16222222222225,
      153.71727150537637,
      194.56303763440852,
      152.2404637896826,
      205.6560483870968,
      180.66690972222224,
      197.64789426523302,
      147.932511574074,
      178.24450044802862,
      153.26703629032252,
      135.61326388888884,
      121.34021057347668,
      149.3661342592592,
      142.08570788530469,
      131.56886200716843,
      159.83506944444443,
      181.1468413978495,
      176.13730324074072,
      183.88980734767028,
      193.76133101851858,
      166.5167898745519,
      157.30992383512546,
      183.0068865740741,
      169.96053987455204,
      160.93703703703704,
      137.23839605734767,
      127.94289874551974,
      167.71490660919548,
      198.00512992831537,
      156.53586805555557,
      149.3541330645161,
      165.19252314814813,
      204.4846438172043,
      153.83736559139786,
      156.20357638888893,
      184.0684027777778,
      306.528982300885
    ]
  }
}