{
  "prov_name": "RIAU",
  "num_kab": 12,
  "aggregated": true,
  "data": {
    "time": [
      "2018",
      "2019",
      "2020",
      "2021",
      "2022",
      "2023",
      "2024"
    ],
    "shortwave_radiation": [
      191.13411935286936,
      201.35566019786907,
      189.07644581056465,
      199.16100646879758,
      208.08267694063932,
      210.23285768645357,
      203.7144489247312
    ],
    "diffuse_radiation": [
      89.2601781898657,
      84.55301560121767,
      84.8724005768063,
      84.94417808219178,
      88.95200722983257,
      88.11187214611873,
      82.73971774193548
    ],
    "direct_normal_irradiance": [
      139.77419776404136,
      162.29308219178077,
      145.09097791438975,
      157.73295757229826,
      163.27078006088286,
      166.7229185692543,
      168.64368503584225
    ]
  }
}