{
  "prov_name": "LAMPUNG",
  "num_kab": 15,
  "aggregated": true,
  "data": {
    "time": [
      "2018",
      "2019",
      "2020",
      "2021",
      "2022",
      "2023",
      "2024"
    ],
    "shortwave_radiation": [
      195.8792735042735,
      210.56203957382044,
      191.4677671523983,
      196.59307458143073,
      204.02570776255706,
      219.59410197869104,
      208.64899641577057
    ],
    "diffuse_radiation": [
      81.9671398046398,
      77.96171232876713,
      80.81659077109899,
      81.8224885844749,
      85.65196347031964,
      79.952899543379,
      73.86653225806451
    ],
    "direct_normal_irradiance": [
      161.122235958486,
      188.1409467275495,
      156.45175318761386,
      162.27865905631637,
      164.92231202435315,
      197.13513774733644,
      198.2360949820788
    ]
  }
}