{
  "prov_name": "LAMPUNG",
  "num_kab": 15,
  "aggregated": true,
  "data": {
    "time": [
      "2018-01",
      "2018-02",
      "2018-03",
      "2018-04",
      "2018-05",
      "2018-06",
      "2018-07",
      "2018-08",
      "2018-09",
      "2018-10",
      "2018-11",
      "2018-12",
      "2019-01",
      "2019-02",
      "2019-03",
      "2019-04",
      "2019-05",
      "2019-06",
      "2019-07",
      "2019-08",
      "2019-09",
      "2019-10",
      "2019-11",
      "2019-12",
      "2020-01",
      "2020-02",
      "2020-03",
      "2020-04",
      "2020-05",
      "2020-06",
      "2020-07",
      "2020-08",
      "2020-09",
      "2020-10",
      "2020-11",
      "2020-12",
      "2021-01",
      "2021-02",
      "2021-03",
      "2021-04",
      "2021-05",
      "2021-06",
      "2021-07",
      "2021-08",
      "2021-09",
      "2021-10",
      "2021-11",
      "2021-12",
      "2022-01",
      "2022-02",
      "2022-03",
      "2022-04",
      "2022-05",
      "2022-06",
      "2022-07",
      "2022-08",
      "2022-09",
      "2022-10",
      "2022-11",
      "2022-12",
      "2023-01",
      "2023-02",
      "2023-03",
      "2023-04",
      "2023-05",
      "2023-06",
      "2023-07",
      "2023-08",
      "2023-09",
      "2023-10",
      "2023-11",
      "2023-12",
      "2024-01",
      "2024-02",
      "2024-03",
      "2024-04",
      "2024-05",
      "2024-06",
      "2024-07",
      "2024-08",
      "2024-09",
      "2024-10",
      "2024-11"
    ],
    "shortwave_radiation": [
      193.67235213204953,
      196.4619047619048,
      200.71218637992834,
      191.92861111111105,
      178.39166666666668,
      173.64546296296297,
      205.96200716845877,
      204.37320788530468,
      216.79990740740743,
      219.12159498207888,
      181.0959259259259,
      189.07437275985663,
      203.4144265232975,
      204.50575396825397,
      199.28387096774196,
      191.36657407407407,
      189.97383512544803,
      186.11499999999998,
      201.31120071684583,
      217.7336917562724,
      240.97259259259258,
      250.9392473118279,
      240.22685185185188,
      201.06872759856626,
      194.8296594982079,
      197.5572796934866,
      198.28772401433693,
      187.52759259259258,
      173.72732974910392,
      177.1088888888889,
      184.4375448028674,
      210.46953405017922,
      207.3350925925926,
      195.34444444444443,
      196.0384259259259,
      176.54928315412187,
      163.44928315412187,
      200.08045634920637,
      209.63915770609321,
      213.12787037037035,
      189.86621863799283,
      175.06620370370374,
      196.19775985663082,
      197.00591397849465,
      201.9750925925926,
      217.26612903225808,
      197.66064814814817,
      197.7386200716846,
      217.9181899641577,
      213.31934523809522,
      226.04704301075267,
      216.38314814814814,
      191.07535842293908,
      180.20944444444447,
      190.1293906810036,
      204.93700716845876,
      210.2049074074074,
      192.3927419354839,
      205.79703703703703,
      201.17069892473117,
      206.07016129032257,
      204.446626984127,
      214.55125448028676,
      222.0037037037037,
      204.25725806451612,
      193.56935185185185,
      195.4039426523298,
      232.84856630824368,
      250.73999999999998,
      262.87724014336914,
      220.77953703703704,
      226.0948924731183,
      198.606541218638,
      214.79655172413797,
      219.00474910394263,
      194.17101851851848,
      190.70277777777775,
      195.2453703703704,
      212.24731182795696,
      230.44184587813623,
      235.30990740740737,
      218.36182795698926,
      48.19646017699117
    ],
    "diffuse_radiation": [
      97.44667583677212,
      89.86289682539682,
      86.37482078853047,
      78.17638888888888,
      69.04641577060933,
      65.48324074074074,
      65.38001792114696,
      75.57930107526882,
      83.03675925925926,
      88.68736559139786,
      93.72981481481482,
      93.21863799283156,
      92.17840501792115,
      95.59196428571427,
      93.75358422939068,
      82.8524074074074,
      71.02894265232976,
      63.710740740740746,
      61.34103942652329,
      69.53172043010751,
      73.87564814814816,
      73.56783154121862,
      71.88722222222222,
      87.07347670250897,
      90.16227598566311,
      90.38687739463602,
      88.22983870967741,
      78.79500000000002,
      74.38118279569893,
      64.02925925925926,
      66.840770609319,
      68.35206093189963,
      79.15037037037037,
      88.50322580645162,
      89.12657407407407,
      91.8795698924731,
      96.74408602150537,
      93.26517857142858,
      88.37643369175629,
      72.09046296296296,
      66.61926523297491,
      66.36675925925925,
      61.611738351254466,
      71.93145161290322,
      80.96814814814813,
      92.47078853046595,
      96.92444444444443,
      95.6220430107527,
      95.28996415770611,
      94.36934523809524,
      88.49928315412187,
      78.63324074074075,
      73.65689964157704,
      71.88361111111111,
      69.19829749103944,
      78.15062724014338,
      87.19009259259259,
      98.21263440860214,
      96.80083333333332,
      96.31908602150537,
      98.85743727598565,
      101.15565476190477,
      91.61487455197133,
      81.675,
      69.87589605734767,
      64.33842592592593,
      69.32786738351255,
      66.87087813620072,
      74.1774074074074,
      73.24059139784949,
      84.8386111111111,
      85.17177419354839,
      91.95689964157705,
      93.28994252873562,
      84.16200716845879,
      85.85166666666667,
      69.76926523297492,
      65.34796296296298,
      62.53960573476703,
      69.32876344086021,
      78.98407407407407,
      64.75689964157708,
      -105.84483775811212
    ],
    "direct_normal_irradiance": [
      131.1280421824851,
      142.73441468253972,
      151.47902329749104,
      160.18373148148154,
      163.38548387096776,
      167.0684537037037,
      214.56856630824373,
      184.94236559139787,
      183.2721481481481,
      176.28082437275984,
      119.77191666666668,
      135.3465501792115,
      151.55857526881718,
      145.17308531746033,
      140.85423835125448,
      148.44440740740737,
      177.69175627240145,
      190.6503148148148,
      215.3293727598566,
      215.6536559139785,
      231.49687962962963,
      241.88442652329752,
      236.4488425925926,
      160.6595340501792,
      143.73993727598568,
      142.57999999999996,
      147.56543906810032,
      152.6235092592592,
      145.9069086021505,
      175.66772222222227,
      178.4447670250896,
      206.33925627240149,
      177.30746296296303,
      143.77740143369175,
      148.33802777777774,
      116.88697132616491,
      91.2864605734767,
      142.98541666666668,
      163.1082526881721,
      199.20837037037032,
      183.29250896057354,
      167.54626851851853,
      205.745582437276,
      182.1206093189964,
      166.36011111111114,
      167.92163978494625,
      135.0442037037037,
      140.41588709677416,
      167.8845788530466,
      157.9935515873016,
      183.39957885304656,
      191.48684259259258,
      171.79073476702513,
      164.03671296296295,
      183.8991129032258,
      180.92587813620077,
      165.33103703703708,
      122.83197132616489,
      145.9815092592593,
      143.8443727598566,
      147.8526164874552,
      137.05244047619044,
      165.94562724014335,
      191.90726851851858,
      198.4683602150538,
      199.64988888888894,
      190.91451612903225,
      239.26543906810036,
      242.19955555555555,
      258.25945340501784,
      188.83938888888892,
      200.28286738351252,
      145.71597670250895,
      163.72166666666666,
      183.32375448028674,
      152.61888888888888,
      180.36237455197127,
      199.56833333333333,
      227.12413978494627,
      231.1249193548387,
      212.76212037037038,
      235.37799283154123,
      504.089203539823
    ]
  }
}