{
  "prov_name": "PAPUA SELATAN",
  "num_kab": 4,
  "aggregated": true,
  "data": {
    "time": [
      "2018",
      "2019",
      "2020",
      "2021",
      "2022",
      "2023",
      "2024"
    ],
    "shortwave_radiation": [
      176.85310782967036,
      177.97103310502285,
      178.85553278688525,
      178.93378995433787,
      195.04149543378995,
      199.27959474885847,
      187.89576612903227
    ],
    "diffuse_radiation": [
      84.4783940018315,
      84.93264840182648,
      83.2819045992714,
      83.13869863013697,
      86.21192922374428,
      85.63073630136985,
      85.4043682795699
    ],
    "direct_normal_irradiance": [
      129.14663175366286,
      131.14401255707764,
      134.2303506375228,
      133.62018264840194,
      150.72897260273976,
      159.52958047945202,
      159.05205309139774
    ]
  }
}