{
  "prov_name": "PAPUA SELATAN",
  "num_kab": 4,
  "aggregated": true,
  "data": {
    "time": [
      "2018-01",
      "2018-02",
      "2018-03",
      "2018-04",
      "2018-05",
      "2018-06",
      "2018-07",
      "2018-08",
      "2018-09",
      "2018-10",
      "2018-11",
      "2018-12",
      "2019-01",
      "2019-02",
      "2019-03",
      "2019-04",
      "2019-05",
      "2019-06",
      "2019-07",
      "2019-08",
      "2019-09",
      "2019-10",
      "2019-11",
      "2019-12",
      "2020-01",
      "2020-02",
      "2020-03",
      "2020-04",
      "2020-05",
      "2020-06",
      "2020-07",
      "2020-08",
      "2020-09",
      "2020-10",
      "2020-11",
      "2020-12",
      "2021-01",
      "2021-02",
      "2021-03",
      "2021-04",
      "2021-05",
      "2021-06",
      "2021-07",
      "2021-08",
      "2021-09",
      "2021-10",
      "2021-11",
      "2021-12",
      "2022-01",
      "2022-02",
      "2022-03",
      "2022-04",
      "2022-05",
      "2022-06",
      "2022-07",
      "2022-08",
      "2022-09",
      "2022-10",
      "2022-11",
      "2022-12",
      "2023-01",
      "2023-02",
      "2023-03",
      "2023-04",
      "2023-05",
      "2023-06",
      "2023-07",
      "2023-08",
      "2023-09",
      "2023-10",
      "2023-11",
      "2023-12",
      "2024-01",
      "2024-02",
      "2024-03",
      "2024-04",
      "2024-05",
      "2024-06",
      "2024-07",
      "2024-08",
      "2024-09",
      "2024-10",
      "2024-11"
    ],
    "shortwave_radiation": [
      184.47661623108667,
      209.13802083333331,
      185.7930107526882,
      173.07430555555555,
      152.8736559139785,
      139.96284722222222,
      135.35786290322582,
      155.35584677419357,
      176.71979166666665,
      218.4230510752688,
      206.57673611111113,
      191.95228494623655,
      195.3565188172043,
      202.56882440476193,
      167.55174731182797,
      170.81041666666667,
      155.16532258064518,
      126.40972222222223,
      147.27049731182797,
      153.40087365591398,
      184.46597222222223,
      210.6888440860215,
      211.91979166666667,
      210.31350806451613,
      206.09711021505376,
      208.97952586206898,
      183.35450268817203,
      177.4909722222222,
      155.54603494623655,
      143.47291666666666,
      147.86727150537632,
      174.1609543010753,
      177.34548611111111,
      193.22715053763443,
      192.18993055555555,
      189.68783602150538,
      184.99193548387098,
      191.45684523809524,
      179.96236559139786,
      183.96875,
      163.39684139784947,
      149.09652777777777,
      141.41700268817203,
      170.02184139784944,
      171.26909722222223,
      206.11995967741933,
      205.93680555555557,
      201.09375000000003,
      214.44052419354838,
      207.56659226190476,
      202.60282258064515,
      211.70833333333331,
      192.283938172043,
      171.07847222222222,
      144.14381720430106,
      178.9811827956989,
      196.17499999999998,
      204.84475806451613,
      214.27222222222224,
      201.93750000000003,
      207.66297043010752,
      213.29501488095235,
      212.38709677419357,
      191.7375,
      164.4868951612903,
      169.68680555555557,
      163.90020161290323,
      192.16465053763437,
      199.03229166666665,
      227.68279569892474,
      227.23819444444445,
      223.08434139784947,
      221.4855510752688,
      228.52622126436782,
      203.05981182795696,
      182.29652777777778,
      156.05241935483872,
      150.3295138888889,
      147.16868279569894,
      173.809811827957,
      200.32638888888886,
      191.33501344086022,
      338.9203539823009
    ],
    "diffuse_radiation": [
      96.70701513067401,
      85.90922619047619,
      86.99025537634408,
      81.33402777777778,
      73.54603494623656,
      71.415625,
      74.11592741935483,
      83.76243279569893,
      91.790625,
      85.54805107526882,
      90.96354166666666,
      93.23252688172043,
      96.90927419354838,
      96.54985119047618,
      89.86256720430109,
      85.92013888888889,
      77.06317204301075,
      72.68784722222222,
      75.2926747311828,
      79.43413978494624,
      89.00208333333333,
      87.89751344086021,
      84.43090277777777,
      85.56216397849462,
      88.2711693548387,
      88.84590517241381,
      91.48823924731182,
      82.58055555555555,
      76.04200268817205,
      70.03993055555554,
      72.73655913978494,
      73.59106182795699,
      89.1125,
      88.91263440860216,
      87.22638888888889,
      89.73756720430107,
      91.43682795698925,
      89.67113095238095,
      90.10483870967742,
      78.03159722222222,
      73.90255376344086,
      66.80416666666667,
      70.29603494623657,
      78.31518817204301,
      87.80243055555556,
      88.04065860215054,
      93.85277777777777,
      89.7970430107527,
      92.02688172043011,
      89.06994047619047,
      92.45665322580645,
      84.92395833333333,
      72.19220430107526,
      71.99305555555556,
      77.26915322580646,
      83.08702956989248,
      91.82465277777777,
      95.221438172043,
      91.42638888888888,
      94.31014784946237,
      97.22244623655914,
      93.5093005952381,
      91.76041666666666,
      87.9,
      78.65020161290323,
      72.78333333333333,
      73.15053763440861,
      83.47916666666667,
      87.70833333333333,
      85.28729838709677,
      86.05590277777777,
      90.74462365591398,
      89.08366935483872,
      90.97485632183908,
      94.13239247311829,
      89.56701388888888,
      77.00436827956989,
      76.11423611111111,
      78.48017473118279,
      84.48823924731182,
      88.54305555555555,
      82.27788978494624,
      96.320796460177
    ],
    "direct_normal_irradiance": [
      118.666196698762,
      162.65104166666663,
      129.73531586021505,
      126.05100694444442,
      118.1680779569893,
      108.03374999999997,
      96.62241263440856,
      104.89768145161295,
      119.08083333333332,
      179.22217741935484,
      156.6516319444445,
      136.46209677419358,
      134.2672043010752,
      141.35837053571427,
      102.85544354838709,
      116.5915277777778,
      115.0546370967742,
      88.45350694444446,
      113.53108198924731,
      109.03699596774192,
      137.01843749999998,
      166.0914650537635,
      175.93319444444447,
      171.85789650537635,
      161.05688844086023,
      158.39619252873564,
      120.41780913978495,
      132.70222222222225,
      120.99247311827959,
      115.04208333333335,
      115.39106182795697,
      146.23773521505376,
      122.17677083333334,
      141.21945564516136,
      142.95045138888884,
      138.6872983870968,
      128.30292338709677,
      137.94520089285717,
      117.80809811827953,
      147.4282986111111,
      134.01579301075273,
      126.29722222222223,
      107.6105846774193,
      131.7781586021505,
      113.98399305555554,
      157.86495295698924,
      149.01034722222226,
      152.4241935483871,
      163.86357526881716,
      156.9113095238095,
      145.08773521505378,
      175.7725347222223,
      181.2647177419355,
      150.67291666666674,
      101.05719086021506,
      138.99099462365592,
      141.05319444444442,
      143.2883064516129,
      163.04177083333332,
      145.44361559139787,
      150.1532930107527,
      158.85680803571427,
      160.50920698924725,
      140.6067013888889,
      125.72463037634407,
      150.7930902777778,
      139.73810483870966,
      161.21169354838702,
      156.35243055555566,
      192.53313172043008,
      192.8211458333333,
      184.67570564516126,
      183.07227822580637,
      181.6375,
      143.23188844086025,
      125.46204861111116,
      117.38299731182792,
      117.95826388888895,
      107.07765456989242,
      128.85010080645165,
      152.53670138888893,
      146.73487903225808,
      1372.9867256637165
    ]
  }
}