{
  "prov_name": "KALIMANTAN BARAT",
  "num_kab": 14,
  "aggregated": true,
  "data": {
    "time": [
      "2018",
      "2019",
      "2020",
      "2021",
      "2022",
      "2023",
      "2024"
    ],
    "shortwave_radiation": [
      188.29524790685508,
      196.5047700587084,
      182.72330373406194,
      190.6544520547945,
      194.83551859099802,
      201.6616519895629,
      196.56551459293397
    ],
    "diffuse_radiation": [
      83.0270473574045,
      81.23730430528374,
      81.1775224434036,
      80.2992824527071,
      84.99699119373777,
      83.24502609262883,
      80.22539362519198
    ],
    "direct_normal_irradiance": [
      147.27499018838307,
      162.17458577951734,
      143.03671935987506,
      155.32880626223096,
      152.98583985649046,
      165.8226166014351,
      171.081310483871
    ]
  }
}