{
  "prov_name": "KALIMANTAN BARAT",
  "num_kab": 14,
  "aggregated": true,
  "data": {
    "time": [
      "2018-01",
      "2018-02",
      "2018-03",
      "2018-04",
      "2018-05",
      "2018-06",
      "2018-07",
      "2018-08",
      "2018-09",
      "2018-10",
      "2018-11",
      "2018-12",
      "2019-01",
      "2019-02",
      "2019-03",
      "2019-04",
      "2019-05",
      "2019-06",
      "2019-07",
      "2019-08",
      "2019-09",
      "2019-10",
      "2019-11",
      "2019-12",
      "2020-01",
      "2020-02",
      "2020-03",
      "2020-04",
      "2020-05",
      "2020-06",
      "2020-07",
      "2020-08",
      "2020-09",
      "2020-10",
      "2020-11",
      "2020-12",
      "2021-01",
      "2021-02",
      "2021-03",
      "2021-04",
      "2021-05",
      "2021-06",
      "2021-07",
      "2021-08",
      "2021-09",
      "2021-10",
      "2021-11",
      "2021-12",
      "2022-01",
      "2022-02",
      "2022-03",
      "2022-04",
      "2022-05",
      "2022-06",
      "2022-07",
      "2022-08",
      "2022-09",
      "2022-10",
      "2022-11",
      "2022-12",
      "2023-01",
      "2023-02",
      "2023-03",
      "2023-04",
      "2023-05",
      "2023-06",
      "2023-07",
      "2023-08",
      "2023-09",
      "2023-10",
      "2023-11",
      "2023-12",
      "2024-01",
      "2024-02",
      "2024-03",
      "2024-04",
      "2024-05",
      "2024-06",
      "2024-07",
      "2024-08",
      "2024-09",
      "2024-10",
      "2024-11"
    ],
    "shortwave_radiation": [
      164.52564354490076,
      192.4293154761905,
      191.9825268817204,
      193.64900793650796,
      178.5589477726574,
      193.05664682539685,
      211.1543778801843,
      223.91033026113672,
      198.17787698412695,
      171.7936827956989,
      173.15704365079367,
      169.3778801843318,
      179.52697772657447,
      181.86851615646262,
      216.52860983102917,
      199.6829365079365,
      207.39736943164363,
      190.27569444444447,
      219.75979262672809,
      216.4375,
      214.33968253968254,
      177.65994623655914,
      188.84107142857144,
      163.8806643625192,
      172.43365975422427,
      185.75872331691295,
      195.028321812596,
      197.1175595238095,
      192.58390937019968,
      184.8869047619048,
      179.53763440860217,
      195.66781874039944,
      167.3843253968254,
      181.2970430107527,
      165.7970238095238,
      175.4127304147465,
      157.59706221198158,
      217.58173894557822,
      192.30539554531487,
      222.6324404761905,
      190.8665514592934,
      186.45396825396827,
      202.908698156682,
      168.46841397849462,
      173.79861111111111,
      201.11165514592935,
      187.2860119047619,
      189.9806067588326,
      188.73339093701998,
      203.01392431972792,
      224.48915130568352,
      223.725496031746,
      206.96966205837174,
      186.4774801587302,
      206.7690092165899,
      187.94671658986175,
      177.06458333333336,
      171.21428571428575,
      178.71359126984126,
      184.36616743471583,
      181.26286482334874,
      195.93994472789115,
      191.44297235023046,
      228.52192460317457,
      219.15937019969277,
      207.78075396825398,
      212.12605606758828,
      207.39525729646698,
      205.10158730158733,
      198.38680875576037,
      187.40386904761905,
      185.07296466973887,
      177.67837941628267,
      197.34277504105088,
      197.40620199692782,
      204.60505952380953,
      178.10551075268816,
      198.78759920634917,
      217.63277649769583,
      189.3427419354839,
      210.41994047619045,
      185.5681643625192,
      240.75663716814162
    ],
    "diffuse_radiation": [
      86.79357437610533,
      84.41602891156462,
      86.22619047619048,
      83.50238095238096,
      81.1206797235023,
      77.2874007936508,
      74.26804915514593,
      76.24491167434715,
      86.91121031746033,
      89.67309907834102,
      86.74811507936509,
      84.49347158218124,
      87.58851766513055,
      89.86543367346938,
      84.4318356374808,
      85.61865079365077,
      79.11539938556068,
      72.83839285714286,
      66.77784178187405,
      76.51401689708142,
      80.93174603174603,
      91.4045698924731,
      80.31964285714287,
      80.10263056835637,
      82.42809139784946,
      86.29536124794744,
      85.38191244239631,
      80.07787698412697,
      75.47772657450075,
      73.94940476190477,
      76.26545698924731,
      79.73214285714286,
      84.7485119047619,
      87.05241935483873,
      82.90625,
      80.0168970814132,
      87.65735407066053,
      80.79591836734691,
      84.87048771121351,
      75.18065476190475,
      75.02688172043011,
      73.76438492063494,
      70.11923963133641,
      82.30011520737325,
      83.50505952380952,
      85.96073348694316,
      80.1343253968254,
      84.09984639016898,
      91.38076036866359,
      84.63988095238095,
      80.53177803379417,
      80.86081349206349,
      76.68116359447006,
      82.40714285714286,
      77.23675115207372,
      85.05961981566819,
      94.44871031746031,
      95.81710829493089,
      86.41815476190474,
      84.06067588325652,
      91.6449692780338,
      91.06611394557824,
      91.35195852534561,
      80.27708333333331,
      75.54281874039938,
      73.53015873015873,
      73.18778801843317,
      81.65697004608296,
      86.32996031746032,
      89.23214285714288,
      84.21924603174604,
      81.65745007680493,
      87.00096006144395,
      89.20946223316913,
      88.19614055299539,
      86.49285714285715,
      85.30558755760369,
      75.35932539682538,
      71.95353302611367,
      85.72523041474653,
      83.20873015873018,
      75.64400921658988,
      -90.8723135271808
    ],
    "direct_normal_irradiance": [
      111.35236785223029,
      153.2965454931973,
      142.33731758832562,
      150.48305555555552,
      135.19903033794162,
      167.27864087301592,
      197.8507008448541,
      203.7656201996928,
      149.9427876984127,
      111.37327188940093,
      122.069126984127,
      123.67916666666665,
      132.93629032258065,
      130.45277423469383,
      181.9186347926267,
      155.6063591269842,
      182.9274097542243,
      168.91484126984128,
      222.5623943932412,
      194.36862519201233,
      181.35475198412698,
      115.7679435483871,
      153.0025396825397,
      122.72389592933949,
      132.80557795698925,
      140.3443041871921,
      149.8233102918587,
      160.30457341269837,
      165.73948732718895,
      161.6382043650794,
      148.47204301075266,
      159.93113479262675,
      109.41546626984127,
      127.06011904761904,
      121.50480158730161,
      139.02770737327185,
      102.19366359447007,
      192.97344812925172,
      147.16642665130567,
      203.59903769841273,
      165.33471582181255,
      163.8530654761905,
      191.79529569892466,
      118.02522081413208,
      119.78338293650795,
      156.59446044546846,
      152.487628968254,
      154.97928187403994,
      141.81625384024576,
      164.4073022959184,
      194.497311827957,
      193.47485119047624,
      183.813680875576,
      147.79409722222223,
      185.31592741935486,
      139.06438172043008,
      109.33125992063499,
      101.24260752688171,
      130.2668849206349,
      147.3572964669739,
      129.83052995391708,
      148.22452168367346,
      133.63275729646696,
      202.14180555555555,
      203.8263632872504,
      195.5801984126984,
      200.06483294930868,
      171.14554531490012,
      159.17348214285715,
      147.3986559139785,
      146.13392857142856,
      150.7743183563748,
      131.78050115207375,
      150.02525656814447,
      149.3919258832565,
      159.85177579365083,
      129.67523041474655,
      177.985376984127,
      211.41525537634408,
      140.52967549923196,
      171.56936507936507,
      176.0841493855607,
      885.905625790139
    ]
  }
}