{
  "prov_name": "PAPUA TENGAH",
  "num_kab": 8,
  "aggregated": true,
  "data": {
    "time": [
      "2018-01",
      "2018-02",
      "2018-03",
      "2018-04",
      "2018-05",
      "2018-06",
      "2018-07",
      "2018-08",
      "2018-09",
      "2018-10",
      "2018-11",
      "2018-12",
      "2019-01",
      "2019-02",
      "2019-03",
      "2019-04",
      "2019-05",
      "2019-06",
      "2019-07",
      "2019-08",
      "2019-09",
      "2019-10",
      "2019-11",
      "2019-12",
      "2020-01",
      "2020-02",
      "2020-03",
      "2020-04",
      "2020-05",
      "2020-06",
      "2020-07",
      "2020-08",
      "2020-09",
      "2020-10",
      "2020-11",
      "2020-12",
      "2021-01",
      "2021-02",
      "2021-03",
      "2021-04",
      "2021-05",
      "2021-06",
      "2021-07",
      "2021-08",
      "2021-09",
      "2021-10",
      "2021-11",
      "2021-12",
      "2022-01",
      "2022-02",
      "2022-03",
      "2022-04",
      "2022-05",
      "2022-06",
      "2022-07",
      "2022-08",
      "2022-09",
      "2022-10",
      "2022-11",
      "2022-12",
      "2023-01",
      "2023-02",
      "2023-03",
      "2023-04",
      "2023-05",
      "2023-06",
      "2023-07",
      "2023-08",
      "2023-09",
      "2023-10",
      "2023-11",
      "2023-12",
      "2024-01",
      "2024-02",
      "2024-03",
      "2024-04",
      "2024-05",
      "2024-06",
      "2024-07",
      "2024-08",
      "2024-09",
      "2024-10",
      "2024-11"
    ],
    "shortwave_radiation": [
      181.18741403026135,
      199.22507440476187,
      210.15339381720432,
      179.48871527777777,
      158.37130376344086,
      152.40347222222223,
      150.46236559139786,
      170.5554435483871,
      177.93142361111111,
      187.3306451612903,
      187.04444444444445,
      193.19086021505376,
      205.5456989247312,
      192.61514136904765,
      185.3148521505376,
      165.02847222222223,
      170.92389112903226,
      140.88958333333332,
      150.61155913978496,
      174.02620967741933,
      185.3048611111111,
      190.01948924731184,
      213.61267361111106,
      191.66313844086022,
      198.87214381720432,
      202.48850574712642,
      184.20648521505376,
      173.21440972222223,
      165.41733870967744,
      151.7793402777778,
      160.33736559139786,
      167.15574596774192,
      164.26631944444443,
      176.57039650537635,
      182.91006944444442,
      179.3608870967742,
      175.9092741935484,
      185.70331101190476,
      185.59274193548387,
      192.31562499999998,
      161.69522849462368,
      163.38107638888886,
      152.1152553763441,
      174.27503360215056,
      173.5157986111111,
      186.36122311827955,
      191.8425347222222,
      203.21807795698925,
      201.40809811827955,
      194.48325892857142,
      203.61861559139783,
      207.1144097222222,
      178.6775873655914,
      185.20833333333334,
      145.66918682795702,
      175.71992607526886,
      202.60173611111108,
      210.17137096774192,
      203.20000000000002,
      198.27755376344086,
      197.66935483870967,
      200.17224702380952,
      205.10231854838707,
      192.31493055555558,
      178.67691532258064,
      170.60850694444446,
      171.94791666666666,
      180.7200940860215,
      175.39270833333333,
      217.89852150537635,
      224.5324652777778,
      208.35836693548387,
      201.88692876344086,
      210.5896192528736,
      191.29032258064515,
      185.8074652777778,
      171.85416666666669,
      157.67604166666666,
      155.2457997311828,
      175.26428091397852,
      197.47170138888893,
      184.49798387096774,
      223.9413716814159
    ],
    "diffuse_radiation": [
      90.3792984869326,
      91.48567708333333,
      89.40608198924733,
      84.92604166666668,
      71.52637768817203,
      68.89826388888889,
      72.64986559139786,
      80.86441532258064,
      87.03680555555556,
      89.69791666666667,
      92.30104166666666,
      90.7357190860215,
      92.31737231182794,
      91.56733630952381,
      88.99932795698925,
      85.98125000000002,
      75.62634408602149,
      71.16875,
      71.68918010752688,
      71.38978494623656,
      79.75989583333335,
      88.77469758064515,
      85.4814236111111,
      84.97395833333333,
      82.89112903225806,
      86.14888649425288,
      88.58030913978496,
      79.15625,
      71.41330645161291,
      69.4798611111111,
      67.18632392473118,
      72.46421370967742,
      84.74496527777778,
      86.40204973118277,
      85.18784722222222,
      84.29233870967742,
      91.1322244623656,
      91.11383928571429,
      87.7585685483871,
      77.60208333333333,
      71.9957997311828,
      66.33472222222223,
      68.67674731182797,
      76.38491263440861,
      83.81076388888889,
      85.93397177419354,
      88.15659722222223,
      87.60836693548386,
      91.64314516129032,
      94.1817336309524,
      90.85903897849462,
      82.89913194444445,
      77.3039314516129,
      69.57326388888889,
      73.96505376344086,
      79.44438844086022,
      82.20954861111112,
      85.03125,
      87.08472222222223,
      89.1476814516129,
      92.91549059139786,
      94.87258184523809,
      87.32493279569893,
      84.33003472222222,
      74.83820564516128,
      73.60225694444445,
      73.8734879032258,
      80.97429435483872,
      88.30763888888889,
      86.25218413978496,
      84.73611111111111,
      86.7898185483871,
      89.3412298387097,
      93.93857758620689,
      93.72530241935485,
      83.75868055555554,
      76.98051075268818,
      72.46128472222223,
      73.47379032258065,
      78.30426747311827,
      85.16579861111111,
      69.06031586021506,
      76.53097345132744
    ],
    "direct_normal_irradiance": [
      128.92353851444292,
      147.29404761904763,
      162.4679939516129,
      131.73621527777783,
      129.41908602150536,
      127.07147569444443,
      112.74511088709676,
      125.06932123655919,
      119.91470486111113,
      131.90883736559138,
      131.30453125,
      145.05151209677422,
      156.01631384408608,
      135.79799107142858,
      127.80987903225808,
      109.46911458333331,
      139.86967405913975,
      104.54859374999997,
      116.4042674731183,
      144.91982526881725,
      143.94300347222224,
      137.37518481182795,
      176.77512152777783,
      151.18783602150538,
      162.1590053763441,
      156.48651221264367,
      127.48654233870971,
      132.53029513888887,
      137.81014784946237,
      125.17897569444445,
      138.12024529569894,
      134.52145497311827,
      109.93515624999999,
      122.64509408602152,
      136.8279166666667,
      138.41523857526883,
      119.88718077956986,
      131.0450706845238,
      133.46006384408605,
      162.31670138888884,
      132.98869287634406,
      149.14479166666666,
      126.96908602150536,
      140.61448252688172,
      121.41923611111113,
      139.11875,
      145.97052083333335,
      164.0904065860215,
      155.19707661290323,
      136.56361607142864,
      153.56228158602147,
      174.31500000000003,
      150.47647849462362,
      179.14317708333334,
      107.02451276881719,
      136.8872983870968,
      165.77473958333331,
      173.48051075268816,
      163.27741319444442,
      156.20897177419354,
      148.97970430107523,
      143.9145461309524,
      161.24726142473122,
      154.16840277777783,
      151.5557963709677,
      145.8143576388889,
      145.28501344086024,
      139.21846438172045,
      118.22147569444446,
      179.10230174731188,
      196.53305555555562,
      175.36261760752686,
      157.87857862903226,
      158.31804956896553,
      131.60072244623655,
      143.24491319444445,
      139.5772177419355,
      129.1810590277778,
      121.6167002688172,
      138.1447244623656,
      154.75772569444442,
      248.20191532258065,
      392.2517699115046
    ]
  }
}