{
  "prov_name": "PAPUA TENGAH",
  "num_kab": 8,
  "aggregated": true,
  "data": {
    "time": [
      "2018",
      "2019",
      "2020",
      "2021",
      "2022",
      "2023",
      "2024"
    ],
    "shortwave_radiation": [
      178.40128491300368,
      180.67061929223743,
      175.33055840163934,
      178.6977026255708,
      192.25687785388126,
      193.54058219178083,
      183.91742271505373
    ],
    "diffuse_radiation": [
      84.00210336538461,
      82.23815639269407,
      79.8021402550091,
      81.30506563926942,
      83.53501712328767,
      84.02064783105024,
      81.61683467741936
    ],
    "direct_normal_irradiance": [
      132.3023852449635,
      137.38139412100472,
      134.96108834244083,
      138.8841609589041,
      154.54438498858426,
      154.9403182077626,
      156.1190356182794
    ]
  }
}