{
  "prov_name": "KALIMANTAN TENGAH",
  "num_kab": 14,
  "aggregated": true,
  "data": {
    "time": [
      "2018-01",
      "2018-02",
      "2018-03",
      "2018-04",
      "2018-05",
      "2018-06",
      "2018-07",
      "2018-08",
      "2018-09",
      "2018-10",
      "2018-11",
      "2018-12",
      "2019-01",
      "2019-02",
      "2019-03",
      "2019-04",
      "2019-05",
      "2019-06",
      "2019-07",
      "2019-08",
      "2019-09",
      "2019-10",
      "2019-11",
      "2019-12",
      "2020-01",
      "2020-02",
      "2020-03",
      "2020-04",
      "2020-05",
      "2020-06",
      "2020-07",
      "2020-08",
      "2020-09",
      "2020-10",
      "2020-11",
      "2020-12",
      "2021-01",
      "2021-02",
      "2021-03",
      "2021-04",
      "2021-05",
      "2021-06",
      "2021-07",
      "2021-08",
      "2021-09",
      "2021-10",
      "2021-11",
      "2021-12",
      "2022-01",
      "2022-02",
      "2022-03",
      "2022-04",
      "2022-05",
      "2022-06",
      "2022-07",
      "2022-08",
      "2022-09",
      "2022-10",
      "2022-11",
      "2022-12",
      "2023-01",
      "2023-02",
      "2023-03",
      "2023-04",
      "2023-05",
      "2023-06",
      "2023-07",
      "2023-08",
      "2023-09",
      "2023-10",
      "2023-11",
      "2023-12",
      "2024-01",
      "2024-02",
      "2024-03",
      "2024-04",
      "2024-05",
      "2024-06",
      "2024-07",
      "2024-08",
      "2024-09",
      "2024-10",
      "2024-11"
    ],
    "shortwave_radiation": [
      192.57801139713106,
      189.42463860544214,
      189.81922043010755,
      189.19136904761905,
      186.86021505376343,
      186.93938492063492,
      191.84600614439321,
      209.75739247311827,
      211.17628968253968,
      194.81201996927803,
      185.41517857142853,
      185.69546850998464,
      185.13114439324113,
      195.1595450680272,
      208.22273425499228,
      189.58630952380955,
      199.02736175115209,
      170.52281746031744,
      207.6825076804916,
      203.4760944700461,
      230.27430555555557,
      201.21361367127497,
      208.97043650793648,
      184.4640937019969,
      185.83054915514595,
      191.94304187192117,
      198.32603686635943,
      191.6059523809524,
      181.08621351766513,
      179.6406746031746,
      182.51843317972353,
      194.06259600614436,
      179.43075396825392,
      180.54416282642092,
      190.4405753968254,
      192.90697004608296,
      170.37048771121349,
      206.20567602040813,
      198.5072964669739,
      221.34771825396825,
      186.16129032258064,
      187.78710317460317,
      184.1845238095238,
      175.3368855606759,
      167.90496031746028,
      199.4047619047619,
      182.73720238095237,
      193.44143625192012,
      200.97782258064515,
      205.93441751700678,
      219.6761712749616,
      215.51101190476192,
      198.5625,
      190.49394841269844,
      185.6857718894009,
      193.46764592933945,
      188.30198412698408,
      182.77179339477726,
      197.7518849206349,
      208.77323348694318,
      196.5273617511521,
      198.92974064625855,
      194.67271505376343,
      214.9422619047619,
      211.19508448540708,
      197.1164682539683,
      196.30510752688173,
      224.636232718894,
      223.3957341269841,
      228.78763440860214,
      212.3935515873016,
      200.09350998463904,
      200.9041858678955,
      219.51334154351397,
      211.4302035330261,
      219.15714285714284,
      191.86299923195085,
      185.96269841269836,
      199.45199692780338,
      194.7811059907834,
      219.54801587301588,
      179.37365591397847,
      82.48546144121363
    ],
    "diffuse_radiation": [
      92.78158773825898,
      90.49596088435374,
      90.8053955453149,
      82.19722222222222,
      77.30433947772657,
      74.05029761904764,
      76.36376728110599,
      81.2867703533026,
      87.60386904761904,
      94.3396697388633,
      93.73263888888889,
      92.62615207373271,
      95.72897465437788,
      94.75520833333334,
      92.26584101382488,
      90.15119047619048,
      77.29243471582183,
      73.24285714285715,
      67.84216589861751,
      78.95199692780338,
      80.40664682539682,
      90.28100998463903,
      83.19404761904762,
      93.07181259600614,
      89.93020353302612,
      88.96079638752055,
      89.04185867895545,
      82.04593253968252,
      76.15850614439323,
      73.54950396825397,
      72.39660138248848,
      78.02611367127497,
      90.42202380952381,
      91.5949500768049,
      87.45882936507937,
      90.7160138248848,
      92.33842165898618,
      90.859375,
      89.54608294930874,
      78.14454365079364,
      72.62692012288787,
      70.80684523809524,
      72.80078725038402,
      83.12730414746545,
      88.62767857142855,
      93.94546850998465,
      92.75079365079364,
      96.03120199692782,
      100.77073732718893,
      95.34215561224491,
      89.33006912442396,
      79.9293650793651,
      76.00499231950846,
      77.03720238095238,
      76.76497695852534,
      87.95929339477728,
      94.64662698412698,
      99.6291282642089,
      97.60823412698412,
      91.50374423963135,
      101.44431643625192,
      101.38828656462583,
      98.84907834101384,
      87.76150793650793,
      72.0384024577573,
      72.0359126984127,
      73.375,
      76.98348694316437,
      86.16656746031744,
      88.35426267281105,
      89.34623015873014,
      88.48703917050692,
      94.93394777265745,
      88.64111247947456,
      94.14804147465436,
      81.3843253968254,
      80.4602534562212,
      74.07966269841269,
      73.89832949308756,
      86.12096774193547,
      87.52748015873014,
      67.18961213517665,
      15.345764854614412
    ],
    "direct_normal_irradiance": [
      137.86628021222242,
      129.99985119047625,
      128.7140649001536,
      143.79802579365077,
      156.38155721966206,
      167.682628968254,
      169.17121735791085,
      177.2014496927804,
      163.0370932539683,
      131.5233870967742,
      123.58090277777781,
      130.4562692012289,
      124.4996543778802,
      135.03379039115646,
      153.79829109062982,
      133.23036706349205,
      173.0173387096774,
      145.99124999999998,
      207.5280241935484,
      175.1340341781874,
      200.1713888888889,
      146.29951996927804,
      174.70359126984127,
      128.57509600614443,
      133.84638056835638,
      139.03680213464693,
      142.92086213517666,
      148.54811507936503,
      149.0470142089094,
      157.861130952381,
      160.24671658986173,
      158.64878072196623,
      114.76263888888887,
      115.36256720430109,
      140.7146527777778,
      144.07797619047614,
      108.1135752688172,
      155.31022534013601,
      144.3856758832565,
      194.92215277777777,
      163.35240975422428,
      171.44205357142854,
      162.11522657450072,
      123.94340437788014,
      102.15969246031749,
      136.92097734254992,
      121.32648809523809,
      135.89459485407062,
      137.42295506912447,
      147.2183354591837,
      173.48354454685096,
      183.83839285714285,
      172.2502304147465,
      164.71542658730164,
      156.6667818740399,
      142.6559811827957,
      118.6780753968254,
      106.93203725038406,
      133.86345238095237,
      165.07157258064512,
      131.54093701996928,
      129.52519132653063,
      125.0475038402458,
      170.6646527777778,
      200.44825268817206,
      185.22281746031746,
      180.542089093702,
      204.37099654377886,
      180.33647817460317,
      185.14872311827958,
      167.04875,
      157.0544930875576,
      146.14369239631336,
      176.33756157635474,
      156.4139784946237,
      184.77729166666663,
      155.81452572964668,
      163.25735119047621,
      183.54025537634408,
      148.0379608294931,
      172.33711309523815,
      151.10329301075268,
      542.8578381795195
    ]
  }
}