{
  "prov_name": "KALIMANTAN TENGAH",
  "num_kab": 14,
  "aggregated": true,
  "data": {
    "time": [
      "2018",
      "2019",
      "2020",
      "2021",
      "2022",
      "2023",
      "2024"
    ],
    "shortwave_radiation": [
      192.5706763474621,
      198.69126712328767,
      187.3354882253448,
      189.23174331376387,
      198.90683300717546,
      208.4039383561644,
      200.4753744239631
    ],
    "diffuse_radiation": [
      85.98937892464679,
      84.70769732550555,
      84.18359679937548,
      85.1280740378343,
      88.86124429223743,
      86.2174168297456,
      81.93608870967742
    ],
    "direct_normal_irradiance": [
      146.55611754317118,
      158.36684034572735,
      142.0922497072599,
      143.057645140248,
      150.1514538486628,
      168.55283675799083,
      169.49763344854068
    ]
  }
}