{
  "prov_name": "KALIMANTAN UTARA",
  "num_kab": 5,
  "aggregated": true,
  "data": {
    "time": [
      "2018-01",
      "2018-02",
      "2018-03",
      "2018-04",
      "2018-05",
      "2018-06",
      "2018-07",
      "2018-08",
      "2018-09",
      "2018-10",
      "2018-11",
      "2018-12",
      "2019-01",
      "2019-02",
      "2019-03",
      "2019-04",
      "2019-05",
      "2019-06",
      "2019-07",
      "2019-08",
      "2019-09",
      "2019-10",
      "2019-11",
      "2019-12",
      "2020-01",
      "2020-02",
      "2020-03",
      "2020-04",
      "2020-05",
      "2020-06",
      "2020-07",
      "2020-08",
      "2020-09",
      "2020-10",
      "2020-11",
      "2020-12",
      "2021-01",
      "2021-02",
      "2021-03",
      "2021-04",
      "2021-05",
      "2021-06",
      "2021-07",
      "2021-08",
      "2021-09",
      "2021-10",
      "2021-11",
      "2021-12",
      "2022-01",
      "2022-02",
      "2022-03",
      "2022-04",
      "2022-05",
      "2022-06",
      "2022-07",
      "2022-08",
      "2022-09",
      "2022-10",
      "2022-11",
      "2022-12",
      "2023-01",
      "2023-02",
      "2023-03",
      "2023-04",
      "2023-05",
      "2023-06",
      "2023-07",
      "2023-08",
      "2023-09",
      "2023-10",
      "2023-11",
      "2023-12",
      "2024-01",
      "2024-02",
      "2024-03",
      "2024-04",
      "2024-05",
      "2024-06",
      "2024-07",
      "2024-08",
      "2024-09",
      "2024-10",
      "2024-11"
    ],
    "shortwave_radiation": [
      176.62090784044017,
      198.12053571428572,
      206.98387096774195,
      201.31694444444443,
      200.35913978494625,
      202.66666666666669,
      196.66424731182798,
      219.80779569892474,
      220.35027777777776,
      204.9983870967742,
      198.3213888888889,
      186.18494623655914,
      186.91532258064518,
      226.86755952380955,
      225.1674731182796,
      209.97111111111113,
      216.85295698924733,
      195.7838888888889,
      208.30134408602152,
      228.46693548387097,
      238.34222222222223,
      217.07096774193548,
      215.24194444444447,
      175.85645161290321,
      192.18978494623656,
      217.41954022988506,
      213.72258064516126,
      214.425,
      198.50833333333335,
      185.04444444444445,
      191.03844086021508,
      210.7228494623656,
      198.49972222222226,
      187.19623655913978,
      189.82583333333332,
      178.7,
      162.1693548387097,
      196.75684523809522,
      202.48360215053762,
      219.82638888888886,
      185.92903225806452,
      201.80944444444444,
      201.03252688172046,
      198.96451612903223,
      183.6638888888889,
      213.23897849462364,
      191.3147222222222,
      181.06505376344086,
      196.80188172043012,
      212.44077380952382,
      224.83118279569894,
      221.7886111111111,
      189.11612903225804,
      203.8433333333333,
      192.30725806451613,
      206.59166666666664,
      207.5636111111111,
      187.2045698924731,
      200.29194444444443,
      197.50725806451615,
      189.40698924731183,
      204.00089285714284,
      212.30537634408603,
      225.48722222222221,
      206.02526881720433,
      210.36083333333335,
      213.53844086021505,
      227.3612903225807,
      222.0597222222222,
      227.8271505376344,
      213.21111111111114,
      209.23225806451615,
      197.5034946236559,
      210.21178160919538,
      217.16263440860217,
      206.47555555555556,
      205.22123655913978,
      180.08249999999998,
      197.83844086021503,
      205.12258064516126,
      234.6127777777778,
      207.58064516129033,
      150.04424778761063
    ],
    "diffuse_radiation": [
      88.7334250343879,
      87.69702380952381,
      87.66263440860214,
      84.13916666666667,
      78.33010752688172,
      76.60444444444445,
      83.36827956989247,
      82.49569892473119,
      92.10083333333334,
      91.39543010752688,
      86.89388888888888,
      86.03252688172043,
      86.322311827957,
      81.59285714285716,
      83.53467741935484,
      84.39416666666666,
      78.8244623655914,
      79.4863888888889,
      70.73629032258066,
      76.54274193548387,
      74.61083333333333,
      84.98924731182797,
      73.01972222222223,
      83.79462365591398,
      78.49596774193549,
      81.30977011494254,
      81.72123655913978,
      78.9986111111111,
      78.66827956989248,
      80.20111111111112,
      76.20215053763441,
      75.44166666666666,
      86.55944444444444,
      88.80510752688171,
      85.24166666666666,
      84.40645161290323,
      86.98252688172043,
      85.2860119047619,
      84.01290322580645,
      81.18944444444443,
      79.2274193548387,
      72.73083333333334,
      75.24408602150537,
      84.56666666666668,
      86.47305555555556,
      89.0212365591398,
      87.57055555555556,
      90.98924731182797,
      92.30860215053764,
      89.48541666666668,
      86.97150537634408,
      87.36277777777778,
      85.20483870967742,
      79.31805555555556,
      84.09193548387097,
      85.53440860215053,
      90.63888888888889,
      100.42284946236559,
      92.56305555555556,
      87.28279569892473,
      90.11666666666666,
      92.67351190476191,
      93.75564516129033,
      85.76583333333333,
      86.08198924731182,
      77.63277777777778,
      75.95967741935485,
      78.49327956989247,
      88.68472222222222,
      82.69435483870967,
      82.92388888888888,
      79.24704301075269,
      84.39193548387097,
      87.13477011494254,
      89.29650537634409,
      85.83250000000001,
      82.16801075268816,
      81.74138888888889,
      77.69354838709677,
      84.31666666666668,
      82.47,
      80.2013440860215,
      86.99823008849559
    ],
    "direct_normal_irradiance": [
      126.96649243466297,
      155.11952380952374,
      161.73970430107525,
      159.01933333333335,
      169.95126344086026,
      182.4108611111111,
      161.6493010752688,
      186.87795698924725,
      169.819,
      155.68701612903226,
      160.88802777777778,
      149.09427419354842,
      148.0605913978495,
      207.63208333333327,
      197.10260752688174,
      173.0947222222222,
      197.1395698924731,
      167.70505555555553,
      197.03072580645153,
      210.04825268817208,
      223.4573611111112,
      181.65094086021512,
      205.88952777777786,
      137.86809139784947,
      169.2883870967742,
      195.41885057471265,
      181.25879032258067,
      187.1491111111111,
      171.00747311827956,
      152.027,
      165.31994623655913,
      188.21607526881718,
      149.74513888888885,
      134.52913978494627,
      151.30538888888884,
      141.4989516129032,
      111.48693548387098,
      157.30324404761905,
      163.80190860215052,
      191.2546666666666,
      149.29475806451615,
      188.17113888888878,
      180.7143548387096,
      158.3287096774194,
      130.76305555555558,
      170.49994623655908,
      149.33775000000003,
      133.29583333333335,
      151.709623655914,
      173.30449404761907,
      187.14107526881722,
      182.9179722222222,
      145.98645161290327,
      181.01700000000005,
      155.08430107526883,
      166.59309139784946,
      156.31747222222225,
      116.51763440860213,
      154.13325,
      161.24903225806452,
      146.13529569892475,
      158.17366071428563,
      161.54766129032265,
      190.0605,
      170.7903494623656,
      191.58841666666672,
      196.03986559139787,
      204.98454301075262,
      179.81886111111112,
      202.82663978494622,
      190.30838888888889,
      197.0265322580646,
      169.02456989247315,
      177.61991379310342,
      179.2395967741935,
      172.36519444444446,
      175.84072580645162,
      142.78608333333338,
      174.09000000000003,
      167.6912096774194,
      203.22722222222222,
      175.23884408602152,
      325.6242477876106
    ]
  }
}