{
  "prov_name": "KALIMANTAN UTARA",
  "num_kab": 5,
  "aggregated": true,
  "data": {
    "time": [
      "2018",
      "2019",
      "2020",
      "2021",
      "2022",
      "2023",
      "2024"
    ],
    "shortwave_radiation": [
      200.94416208791208,
      211.92924657534246,
      197.97843806921674,
      194.69374429223743,
      203.13111872146118,
      213.530296803653,
      205.55922043010756
    ],
    "diffuse_radiation": [
      85.31375915750915,
      79.83107305936073,
      81.32222222222222,
      83.6159817351598,
      88.47673515981735,
      84.41171232876711,
      83.67833333333333
    ],
    "direct_normal_irradiance": [
      161.67664835164825,
      186.98396803652943,
      165.42357240437155,
      156.81096575342485,
      160.6230091324202,
      182.752310502283,
      176.18784677419376
    ]
  }
}