{
  "prov_name": "KEPULAUAN BANGKA BELITUNG",
  "num_kab": 7,
  "aggregated": true,
  "data": {
    "time": [
      "2018-01",
      "2018-02",
      "2018-03",
      "2018-04",
      "2018-05",
      "2018-06",
      "2018-07",
      "2018-08",
      "2018-09",
      "2018-10",
      "2018-11",
      "2018-12",
      "2019-01",
      "2019-02",
      "2019-03",
      "2019-04",
      "2019-05",
      "2019-06",
      "2019-07",
      "2019-08",
      "2019-09",
      "2019-10",
      "2019-11",
      "2019-12",
      "2020-01",
      "2020-02",
      "2020-03",
      "2020-04",
      "2020-05",
      "2020-06",
      "2020-07",
      "2020-08",
      "2020-09",
      "2020-10",
      "2020-11",
      "2020-12",
      "2021-01",
      "2021-02",
      "2021-03",
      "2021-04",
      "2021-05",
      "2021-06",
      "2021-07",
      "2021-08",
      "2021-09",
      "2021-10",
      "2021-11",
      "2021-12",
      "2022-01",
      "2022-02",
      "2022-03",
      "2022-04",
      "2022-05",
      "2022-06",
      "2022-07",
      "2022-08",
      "2022-09",
      "2022-10",
      "2022-11",
      "2022-12",
      "2023-01",
      "2023-02",
      "2023-03",
      "2023-04",
      "2023-05",
      "2023-06",
      "2023-07",
      "2023-08",
      "2023-09",
      "2023-10",
      "2023-11",
      "2023-12",
      "2024-01",
      "2024-02",
      "2024-03",
      "2024-04",
      "2024-05",
      "2024-06",
      "2024-07",
      "2024-08",
      "2024-09",
      "2024-10",
      "2024-11"
    ],
    "shortwave_radiation": [
      185.83552760856747,
      207.49362244897958,
      186.31970046082947,
      191.87142857142857,
      174.23905529953913,
      174.54623015873017,
      209.786866359447,
      220.1180875576037,
      217.13095238095238,
      202.75192012288784,
      168.36388888888888,
      175.4556451612903,
      189.49135944700464,
      187.7261904761905,
      214.50672043010755,
      185.74603174603175,
      186.5735407066052,
      177.9327380952381,
      215.55549155145928,
      225.81221198156683,
      238.0851190476191,
      220.12634408602148,
      211.69960317460317,
      172.04742703533026,
      199.52630568356375,
      208.07614942528738,
      214.63959293394777,
      193.21150793650796,
      173.66455453149,
      173.62579365079364,
      178.44278033794163,
      207.10810291858678,
      179.48353174603176,
      180.8529185867895,
      168.1,
      168.71351766513052,
      160.55529953917053,
      222.9874574829932,
      205.34139784946234,
      204.9168650793651,
      188.78245007680493,
      188.35198412698415,
      196.51824116743472,
      170.5049923195085,
      187.76607142857142,
      203.94911674347154,
      188.203373015873,
      175.9761904761905,
      210.7870583717358,
      209.6107568027211,
      221.59254992319507,
      214.56190476190477,
      192.87423195084486,
      168.6980158730159,
      192.0787250384025,
      201.51747311827958,
      189.46309523809526,
      175.86770353302612,
      187.83571428571426,
      190.6050307219662,
      190.4733102918587,
      209.07738095238096,
      215.12077572964674,
      210.63035714285715,
      209.79838709677418,
      201.29484126984127,
      200.51574500768052,
      239.911866359447,
      240.89583333333334,
      244.4556451612903,
      202.25773809523807,
      191.27572964669739,
      175.89823348694313,
      207.5580870279146,
      211.80414746543778,
      193.3434523809524,
      196.26785714285714,
      196.6142857142857,
      219.0779569892473,
      220.3064516129032,
      228.25317460317459,
      200.02534562211983,
      76.2465233881163
    ],
    "diffuse_radiation": [
      99.94045981528787,
      88.69323979591836,
      91.20487711213516,
      84.00059523809523,
      74.85618279569894,
      69.45476190476191,
      67.48463901689708,
      75.97945468509985,
      86.27916666666665,
      89.45122887864825,
      93.58015873015873,
      95.51344086021506,
      99.28955453149001,
      96.57036564625851,
      90.3506144393241,
      90.53670634920636,
      81.79473886328726,
      69.0813492063492,
      62.232142857142854,
      72.41820276497695,
      80.70059523809525,
      85.79205069124426,
      76.39027777777778,
      90.2244623655914,
      86.25038402457757,
      91.89121510673235,
      83.52841781874041,
      80.16527777777777,
      75.78321812596005,
      67.07281746031745,
      70.77208141321044,
      73.39708141321046,
      84.9513888888889,
      90.77457757296467,
      87.07678571428572,
      88.84619815668202,
      90.7146697388633,
      88.25361394557822,
      89.00268817204301,
      79.18075396825397,
      73.47465437788019,
      65.78075396825398,
      64.77438556067588,
      77.90956221198157,
      84.83630952380953,
      91.355222734255,
      92.56884920634921,
      97.49635176651306,
      95.29147465437788,
      94.26254251700682,
      88.58582949308754,
      81.74960317460317,
      75.31355606758834,
      76.81091269841271,
      75.64400921658986,
      80.40975422427037,
      93.21210317460317,
      99.45756528417819,
      98.8640873015873,
      97.72023809523809,
      99.32507680491553,
      103.55505952380952,
      93.13652073732717,
      87.59841269841267,
      71.54838709677419,
      68.97301587301588,
      67.69258832565284,
      68.60157450076805,
      78.33511904761905,
      80.71390168970814,
      85.74841269841271,
      91.45967741935485,
      92.14592933947772,
      97.31793924466339,
      89.39880952380953,
      88.72301587301588,
      74.22811059907835,
      71.43809523809524,
      60.97599846390169,
      75.38863287250383,
      83.63829365079366,
      75.18433179723502,
      43.29329962073325
    ],
    "direct_normal_irradiance": [
      124.28988013362155,
      169.10068027210883,
      132.3174347158218,
      154.96182539682533,
      148.93258448540698,
      161.41932539682549,
      213.05362903225802,
      204.32325268817218,
      176.6376984126984,
      154.26655145929337,
      107.93863095238102,
      117.88408218125957,
      131.17100614439326,
      130.47383078231297,
      171.22565284178185,
      135.10257936507944,
      156.47486559139784,
      167.8352182539682,
      231.09525729646697,
      218.24128264208906,
      214.03365079365082,
      184.40504992319507,
      196.5198015873016,
      124.72682411674347,
      165.53557987711218,
      163.66268472906404,
      183.32553763440868,
      162.73692460317457,
      146.92275345622124,
      163.0454166666666,
      161.7194124423963,
      190.95681643625193,
      128.09440476190477,
      122.04289554531488,
      116.38521825396825,
      117.39256912442393,
      100.76893241167434,
      188.66133078231292,
      163.43454301075266,
      182.9593650793651,
      171.28133640552988,
      189.03636904761908,
      197.02956989247312,
      133.50819892473118,
      139.7784325396825,
      152.60428187403994,
      134.6802777777778,
      113.41706989247311,
      165.48348694316434,
      162.39530187074834,
      186.59038018433185,
      186.1900396825397,
      175.29038018433178,
      140.79468253968258,
      175.21271121351765,
      171.92757296466968,
      128.8807341269841,
      103.20049923195086,
      124.30075396825396,
      136.65896697388635,
      132.69473886328726,
      146.5578656462585,
      170.49736943164365,
      170.87353174603172,
      204.27832181259595,
      202.98061507936504,
      197.22453917050692,
      243.03723118279572,
      220.14357142857145,
      221.91209677419346,
      165.02345238095236,
      145.11649385560676,
      120.17638248847929,
      154.8030377668309,
      169.16422811059905,
      146.68579365079364,
      179.2957757296467,
      189.7557936507936,
      235.6283794162826,
      204.00817972350228,
      193.4398412698413,
      168.43855606758834,
      47.9314791403287
    ]
  }
}