{
  "prov_name": "KEPULAUAN BANGKA BELITUNG",
  "num_kab": 7,
  "aggregated": true,
  "data": {
    "time": [
      "2018",
      "2019",
      "2020",
      "2021",
      "2022",
      "2023",
      "2024"
    ],
    "shortwave_radiation": [
      192.53211669283095,
      202.30060339204175,
      187.110883424408,
      190.93853555120677,
      196.11453033268103,
      213.02444553163733,
      203.14510368663596
    ],
    "diffuse_radiation": [
      84.57075811093668,
      82.83762230919764,
      81.71661137132449,
      82.90813763861709,
      88.05551206784082,
      82.9145955642531,
      80.30460829493087
    ],
    "direct_normal_irradiance": [
      155.22555435635795,
      172.21162915851284,
      151.8134774264897,
      155.3759719504238,
      154.61222765818653,
      185.3601190476189,
      174.38682987711232
    ]
  }
}