{
  "prov_name": "DAERAH ISTIMEWA YOGYAKARTA",
  "num_kab": 5,
  "aggregated": true,
  "data": {
    "time": [
      "2018",
      "2019",
      "2020",
      "2021",
      "2022",
      "2023",
      "2024"
    ],
    "shortwave_radiation": [
      207.85006868131867,
      221.2994292237443,
      201.85200364298726,
      201.9250913242009,
      202.74707762557077,
      226.2999086757991,
      219.82172043010752
    ],
    "diffuse_radiation": [
      75.44986263736264,
      70.65915525114154,
      72.26188524590165,
      75.19789954337901,
      79.38164383561643,
      72.43166666666666,
      68.39370967741935
    ],
    "direct_normal_irradiance": [
      190.8102701465201,
      217.37364611872135,
      186.5655122950822,
      181.4744840182647,
      176.0191415525115,
      220.99237671232905,
      219.88408870967746
    ]
  }
}