{
  "prov_name": "DAERAH ISTIMEWA YOGYAKARTA",
  "num_kab": 5,
  "aggregated": true,
  "data": {
    "time": [
      "2018-01",
      "2018-02",
      "2018-03",
      "2018-04",
      "2018-05",
      "2018-06",
      "2018-07",
      "2018-08",
      "2018-09",
      "2018-10",
      "2018-11",
      "2018-12",
      "2019-01",
      "2019-02",
      "2019-03",
      "2019-04",
      "2019-05",
      "2019-06",
      "2019-07",
      "2019-08",
      "2019-09",
      "2019-10",
      "2019-11",
      "2019-12",
      "2020-01",
      "2020-02",
      "2020-03",
      "2020-04",
      "2020-05",
      "2020-06",
      "2020-07",
      "2020-08",
      "2020-09",
      "2020-10",
      "2020-11",
      "2020-12",
      "2021-01",
      "2021-02",
      "2021-03",
      "2021-04",
      "2021-05",
      "2021-06",
      "2021-07",
      "2021-08",
      "2021-09",
      "2021-10",
      "2021-11",
      "2021-12",
      "2022-01",
      "2022-02",
      "2022-03",
      "2022-04",
      "2022-05",
      "2022-06",
      "2022-07",
      "2022-08",
      "2022-09",
      "2022-10",
      "2022-11",
      "2022-12",
      "2023-01",
      "2023-02",
      "2023-03",
      "2023-04",
      "2023-05",
      "2023-06",
      "2023-07",
      "2023-08",
      "2023-09",
      "2023-10",
      "2023-11",
      "2023-12",
      "2024-01",
      "2024-02",
      "2024-03",
      "2024-04",
      "2024-05",
      "2024-06",
      "2024-07",
      "2024-08",
      "2024-09",
      "2024-10",
      "2024-11"
    ],
    "shortwave_radiation": [
      168.0261348005502,
      203.12886904761905,
      218.13306451612902,
      222.55055555555555,
      216.8532258064516,
      195.25055555555554,
      209.4548387096774,
      212.96236559139783,
      227.77444444444444,
      248.5021505376344,
      196.2463888888889,
      175.49032258064517,
      198.772311827957,
      216.03511904761905,
      187.01747311827955,
      208.04333333333335,
      213.9502688172043,
      212.1858333333333,
      216.07849462365593,
      235.1260752688172,
      266.2652777777778,
      261.19220430107526,
      237.80027777777778,
      203.8991935483871,
      210.17849462365592,
      190.61637931034483,
      200.89811827956987,
      203.84666666666666,
      190.1481182795699,
      193.1947222222222,
      205.61801075268812,
      225.13279569892475,
      235.6886111111111,
      197.2016129032258,
      194.31222222222223,
      176.01048387096776,
      171.3489247311828,
      178.95684523809524,
      211.49596774193546,
      224.39916666666664,
      208.77634408602148,
      186.18666666666667,
      209.22419354838712,
      214.0295698924731,
      219.76638888888888,
      218.32338709677418,
      177.09027777777777,
      203.1715053763441,
      221.52043010752692,
      200.00982142857143,
      209.96989247311825,
      205.64583333333334,
      196.53978494623658,
      188.40527777777777,
      208.09865591397846,
      213.2537634408602,
      222.98666666666668,
      182.725,
      177.46027777777778,
      203.7975806451613,
      220.80967741935487,
      179.72380952380954,
      227.37849462365594,
      215.32666666666668,
      213.35188172043007,
      200.46055555555554,
      205.46370967741936,
      238.20940860215052,
      262.59749999999997,
      272.8424731182796,
      238.58777777777777,
      237.46209677419355,
      204.02983870967742,
      222.85603448275864,
      223.28521505376344,
      208.5583333333333,
      221.86182795698923,
      208.32472222222222,
      212.22069892473118,
      234.36236559139783,
      252.0438888888889,
      227.9513440860215,
      91.51327433628319
    ],
    "diffuse_radiation": [
      93.77414030261347,
      83.10416666666666,
      77.46532258064516,
      64.14750000000001,
      56.066129032258075,
      59.9975,
      61.83387096774194,
      70.79220430107526,
      76.16777777777779,
      79.28844086021505,
      90.72861111111112,
      93.99139784946236,
      88.26370967741936,
      86.1235119047619,
      86.75806451612904,
      74.34277777777777,
      57.0513440860215,
      52.55694444444445,
      53.71935483870967,
      59.80349462365591,
      59.86694444444445,
      69.97822580645162,
      73.81416666666667,
      86.83951612903226,
      79.85510752688172,
      86.3985632183908,
      81.75994623655914,
      68.05611111111111,
      59.957795698924734,
      53.650555555555556,
      56.25618279569892,
      58.9486559139785,
      69.34416666666667,
      83.7287634408602,
      81.48944444444444,
      87.9755376344086,
      91.73870967741937,
      89.74404761904762,
      84.27688172043011,
      60.69083333333333,
      55.01505376344086,
      55.83111111111111,
      54.98870967741935,
      63.34543010752689,
      73.40555555555555,
      90,
      92.60166666666666,
      91.18629032258065,
      88.51075268817206,
      90.57797619047619,
      87.26209677419355,
      71.75444444444445,
      62.21370967741935,
      62.340277777777786,
      58.58440860215054,
      70.21155913978494,
      79.43027777777777,
      97.31129032258065,
      96.72055555555555,
      89.14193548387097,
      92.57043010752687,
      92.52440476190476,
      77.10618279569891,
      73.46000000000001,
      57.39731182795699,
      56.60444444444445,
      59.51075268817205,
      61.53440860215054,
      65.72583333333333,
      65.38844086021506,
      83.77833333333334,
      84.85779569892473,
      93.08844086021506,
      81.97471264367816,
      79.50618279569892,
      73.59972222222223,
      54.49596774193547,
      52.42222222222222,
      57.23118279569893,
      64.50403225806451,
      66.1925,
      64.5524193548387,
      37.907964601769905
    ],
    "direct_normal_irradiance": [
      98.81752407152678,
      159.89874999999998,
      193.12798387096768,
      226.22827777777783,
      247.22072580645153,
      217.39297222222223,
      235.6345698924732,
      213.88639784946236,
      210.1168611111112,
      229.5950806451612,
      143.20769444444443,
      110.58728494623654,
      149.6833602150538,
      175.31312499999999,
      135.38080645161293,
      189.32675,
      243.7191935483871,
      258.44958333333335,
      257.7551881720431,
      261.69970430107537,
      287.42055555555555,
      260.57548387096773,
      226.63263888888886,
      160.77040322580643,
      180.70892473118283,
      138.63824712643677,
      160.76841397849466,
      195.48305555555558,
      198.6325806451613,
      224.8301944444444,
      235.51244623655901,
      246.92440860215052,
      233.02302777777783,
      151.26491935483872,
      152.9515277777777,
      120.00287634408605,
      105.03540322580645,
      117.07580357142854,
      172.32548387096773,
      233.47641666666664,
      236.0276612903226,
      205.13322222222217,
      244.17147849462373,
      223.4946505376343,
      202.52605555555556,
      173.42110215053765,
      113.55263888888892,
      149.16341397849467,
      179.72508064516128,
      145.71455357142858,
      162.7815322580645,
      190.17538888888893,
      202.09639784946236,
      199.3776111111111,
      234.36887096774194,
      210.55529569892468,
      197.43338888888897,
      113.56962365591399,
      110.05316666666667,
      160.2269892473118,
      174.6152150537635,
      114.99892857142859,
      204.26924731182794,
      199.27791666666658,
      241.0735752688172,
      229.46405555555557,
      229.38239247311827,
      263.5850000000001,
      275.9195555555556,
      281.5963709677418,
      213.56816666666677,
      216.32715053763445,
      153.3468548387097,
      190.09330459770115,
      196.7146774193548,
      192.37819444444443,
      258.0982795698925,
      249.3443333333334,
      245.52876344086025,
      252.65801075268814,
      259.7802777777777,
      221.45728494623648,
      70.80867256637167
    ]
  }
}