{
  "prov_name": "DKI JAKARTA",
  "num_kab": 6,
  "aggregated": true,
  "data": {
    "time": [
      "2018-01",
      "2018-02",
      "2018-03",
      "2018-04",
      "2018-05",
      "2018-06",
      "2018-07",
      "2018-08",
      "2018-09",
      "2018-10",
      "2018-11",
      "2018-12",
      "2019-01",
      "2019-02",
      "2019-03",
      "2019-04",
      "2019-05",
      "2019-06",
      "2019-07",
      "2019-08",
      "2019-09",
      "2019-10",
      "2019-11",
      "2019-12",
      "2020-01",
      "2020-02",
      "2020-03",
      "2020-04",
      "2020-05",
      "2020-06",
      "2020-07",
      "2020-08",
      "2020-09",
      "2020-10",
      "2020-11",
      "2020-12",
      "2021-01",
      "2021-02",
      "2021-03",
      "2021-04",
      "2021-05",
      "2021-06",
      "2021-07",
      "2021-08",
      "2021-09",
      "2021-10",
      "2021-11",
      "2021-12",
      "2022-01",
      "2022-02",
      "2022-03",
      "2022-04",
      "2022-05",
      "2022-06",
      "2022-07",
      "2022-08",
      "2022-09",
      "2022-10",
      "2022-11",
      "2022-12",
      "2023-01",
      "2023-02",
      "2023-03",
      "2023-04",
      "2023-05",
      "2023-06",
      "2023-07",
      "2023-08",
      "2023-09",
      "2023-10",
      "2023-11",
      "2023-12",
      "2024-01",
      "2024-02",
      "2024-03",
      "2024-04",
      "2024-05",
      "2024-06",
      "2024-07",
      "2024-08",
      "2024-09",
      "2024-10",
      "2024-11"
    ],
    "shortwave_radiation": [
      183.54562127464465,
      188.82341269841268,
      215.16039426523298,
      209.91759259259257,
      207.61603942652326,
      199.50231481481478,
      224.55286738351253,
      235.39650537634407,
      248.12453703703704,
      247.2750896057348,
      213.13194444444443,
      208.70990143369178,
      195.1350806451613,
      220.6999007936508,
      206.90076164874552,
      207.7233796296296,
      216.1144713261649,
      217.7178240740741,
      226.22603046594983,
      236.46102150537635,
      259.7178240740741,
      262.8738799283154,
      246.18356481481487,
      201.81272401433694,
      186.76859318996415,
      169.17600574712642,
      205.30712365591398,
      197.16875000000002,
      184.2078853046595,
      202.43657407407406,
      208.56742831541217,
      229.36021505376345,
      244.98680555555555,
      220.65031362007167,
      211.1078703703704,
      167.6415770609319,
      149.53494623655914,
      180.11607142857142,
      210.88418458781362,
      217.4965277777778,
      207.82818100358426,
      179.81435185185182,
      209.48409498207886,
      221.93570788530462,
      232.98726851851848,
      239.80667562724014,
      197.7449074074074,
      204.8254928315412,
      216.58467741935485,
      201.35540674603172,
      226.1149193548387,
      217.59953703703704,
      198.4554211469534,
      187.22337962962965,
      209.10035842293908,
      229.33781362007167,
      236.77291666666667,
      216.94601254480287,
      218.9798611111111,
      207.10371863799287,
      207.04816308243724,
      193.24007936507937,
      220.1382168458782,
      231.97384259259263,
      211.1451612903226,
      207.54143518518518,
      215.87275985663078,
      241.82056451612902,
      266.2092592592592,
      269.4513888888889,
      234.22199074074072,
      246.17338709677418,
      210.8761200716846,
      218.27897509578543,
      220.83669354838707,
      218.29305555555553,
      212.2815860215054,
      207.7777777777778,
      221.02329749103944,
      242.03136200716844,
      254.3724537037037,
      234.3138440860215,
      83.17256637168141
    ],
    "diffuse_radiation": [
      95.15130674002751,
      91.15699404761908,
      83.88888888888889,
      68.17291666666667,
      60.034946236559136,
      56.499305555555566,
      53.250224014336915,
      62.553091397849464,
      68.41412037037036,
      76.86223118279571,
      89.46365740740741,
      88.03382616487454,
      90.89292114695341,
      89.65228174603175,
      86.81451612903226,
      77.69722222222222,
      58.92316308243728,
      50.36736111111111,
      48.31339605734767,
      57.53181003584229,
      59.57337962962962,
      64.91285842293907,
      66.59884259259259,
      85.25851254480285,
      88.67450716845877,
      91.82854406130268,
      84.85819892473118,
      74.38703703703705,
      65.75627240143369,
      53.440509259259265,
      56.32683691756273,
      57.70519713261649,
      67.0224537037037,
      79.90524193548386,
      85.08726851851851,
      87.15367383512546,
      88.47110215053762,
      90.82911706349206,
      84.56518817204302,
      66.01875,
      59.12231182795699,
      62.62662037037037,
      55.12746415770608,
      61.53068996415771,
      69.53958333333333,
      80.40479390681004,
      93.80486111111111,
      88.81070788530467,
      93.79569892473118,
      93.51512896825398,
      82.07190860215054,
      72.80092592592594,
      68.35013440860213,
      67.3335648148148,
      60.48073476702509,
      66.32302867383513,
      74.5824074074074,
      93.28360215053762,
      95.18356481481482,
      94.94802867383511,
      95.48633512544804,
      97.75892857142857,
      81.08176523297492,
      74.95555555555556,
      64.74843189964157,
      54.2412037037037,
      57.568324372759854,
      57.61760752688173,
      60.016435185185195,
      65.2818100358423,
      78.85694444444444,
      77.31451612903227,
      91.64628136200717,
      91.1295498084291,
      82.02016129032258,
      78.37361111111112,
      58.82683691756272,
      57.33402777777778,
      54.29525089605735,
      59.56362007168459,
      65.40555555555555,
      52.34811827956989,
      -292.36430678466076
    ],
    "direct_normal_irradiance": [
      122.2224438331041,
      134.68841765873012,
      176.78463261648741,
      200.4531944444444,
      220.4650761648746,
      221.6903472222222,
      262.00990143369177,
      249.86460573476708,
      246.99395833333335,
      231.43243727598565,
      167.6072916666667,
      169.14495967741934,
      145.57193100358424,
      178.96567460317456,
      160.90705645161293,
      179.21655092592596,
      233.82506720430115,
      260.6122453703704,
      272.3248207885304,
      259.68568548387094,
      278.85201388888896,
      272.2301747311828,
      249.4289583333333,
      162.5695564516129,
      136.75795250896053,
      105.82011494252872,
      162.89339157706092,
      172.27201388888886,
      175.8850358422939,
      229.1986111111111,
      230.0879704301076,
      248.47735215053763,
      244.4946990740741,
      190.08532706093186,
      171.33256944444443,
      114.49215949820793,
      83.77672491039426,
      118.07641369047622,
      170.89905913978487,
      214.74120370370363,
      222.44849910394268,
      180.01870370370372,
      234.34204749103932,
      231.74639336917565,
      224.58405092592605,
      214.26993727598574,
      139.5087037037037,
      161.34117383512543,
      169.58918010752686,
      143.2595982142857,
      194.8550179211469,
      200.8624074074074,
      189.06218637992833,
      182.4773379629629,
      225.80201612903238,
      233.560170250896,
      219.6899305555556,
      162.39713261648748,
      164.3146759259259,
      155.26272401433695,
      155.54254032258072,
      124.118253968254,
      190.08931451612898,
      218.44740740740735,
      217.63192204301083,
      235.84310185185186,
      239.20141129032254,
      267.70358422939074,
      285.5753240740741,
      279.4187051971325,
      212.59060185185194,
      236.26086469534047,
      165.05235215053764,
      172.6347222222222,
      189.5783826164875,
      194.3973148148148,
      228.23342293906808,
      232.83189814814818,
      254.10981182795695,
      261.94585573476706,
      259.06442129629636,
      246.64422043010737,
      1614.0892330383476
    ]
  }
}