{
  "prov_name": "DKI JAKARTA",
  "num_kab": 6,
  "aggregated": true,
  "data": {
    "time": [
      "2018",
      "2019",
      "2020",
      "2021",
      "2022",
      "2023",
      "2024"
    ],
    "shortwave_radiation": [
      215.4216079059829,
      224.74240867579906,
      202.166571797207,
      204.43205859969558,
      214.03308599695586,
      228.87205098934552,
      222.10029121863798
    ],
    "diffuse_radiation": [
      74.24337988400488,
      69.62307838660577,
      74.26314890710383,
      74.97235540334856,
      80.10816210045662,
      71.92867199391172,
      63.632594086021506
    ],
    "direct_normal_irradiance": [
      201.01846573565305,
      221.29669710806718,
      181.80702223740104,
      183.3235159817351,
      187.27112633181136,
      222.39076293759558,
      241.88450044802855
    ]
  }
}