{
  "prov_name": "NUSA TENGGARA BARAT",
  "num_kab": 10,
  "aggregated": true,
  "data": {
    "time": [
      "2018-01",
      "2018-02",
      "2018-03",
      "2018-04",
      "2018-05",
      "2018-06",
      "2018-07",
      "2018-08",
      "2018-09",
      "2018-10",
      "2018-11",
      "2018-12",
      "2019-01",
      "2019-02",
      "2019-03",
      "2019-04",
      "2019-05",
      "2019-06",
      "2019-07",
      "2019-08",
      "2019-09",
      "2019-10",
      "2019-11",
      "2019-12",
      "2020-01",
      "2020-02",
      "2020-03",
      "2020-04",
      "2020-05",
      "2020-06",
      "2020-07",
      "2020-08",
      "2020-09",
      "2020-10",
      "2020-11",
      "2020-12",
      "2021-01",
      "2021-02",
      "2021-03",
      "2021-04",
      "2021-05",
      "2021-06",
      "2021-07",
      "2021-08",
      "2021-09",
      "2021-10",
      "2021-11",
      "2021-12",
      "2022-01",
      "2022-02",
      "2022-03",
      "2022-04",
      "2022-05",
      "2022-06",
      "2022-07",
      "2022-08",
      "2022-09",
      "2022-10",
      "2022-11",
      "2022-12",
      "2023-01",
      "2023-02",
      "2023-03",
      "2023-04",
      "2023-05",
      "2023-06",
      "2023-07",
      "2023-08",
      "2023-09",
      "2023-10",
      "2023-11",
      "2023-12",
      "2024-01",
      "2024-02",
      "2024-03",
      "2024-04",
      "2024-05",
      "2024-06",
      "2024-07",
      "2024-08",
      "2024-09",
      "2024-10",
      "2024-11"
    ],
    "shortwave_radiation": [
      161.3147180192572,
      212.65997023809527,
      229.36236559139783,
      240.89027777777778,
      218.50793010752687,
      200.20097222222222,
      208.60282258064518,
      221.72594086021508,
      259.8433333333333,
      273.3498655913978,
      228.5819444444444,
      200.39771505376342,
      192.28279569892473,
      221.74806547619045,
      197.28319892473115,
      212.4797222222222,
      221.49408602150538,
      207.7801388888889,
      220.32889784946238,
      236.59771505376344,
      262.3376388888889,
      284.48776881720426,
      265.74750000000006,
      237.15040322580643,
      233.3603494623656,
      216.26350574712643,
      214.55819892473124,
      223.7159722222222,
      204.05927419354836,
      207.225,
      215.20376344086017,
      236.94650537634408,
      260.0088888888889,
      244.23575268817203,
      238.7426388888889,
      189.3893817204301,
      172.75981182795698,
      189.42782738095238,
      209.80456989247313,
      224.28680555555556,
      219.8317204301075,
      197.43486111111113,
      221.60080645161287,
      228.97956989247314,
      228.05111111111114,
      251.4708333333333,
      196.73930555555555,
      214.9135752688172,
      206.57782258064518,
      212.15104166666666,
      225.4104838709677,
      232.90611111111116,
      212.1646505376344,
      202.08013888888888,
      213.03870967741938,
      233.66451612903225,
      251.12569444444438,
      228.17607526881721,
      214.91819444444445,
      213.63467741935483,
      230.06908602150543,
      189.23020833333334,
      238.40362903225804,
      209.79125,
      228.40430107526882,
      212.7858333333333,
      210.42110215053762,
      243.2551075268817,
      266.3913888888889,
      285.6103494623656,
      256.1034722222222,
      248.59543010752685,
      231.00860215053768,
      232.3912356321839,
      214.20309139784945,
      211.76500000000001,
      226.02473118279573,
      202.13027777777776,
      209.33978494623653,
      245.53870967741938,
      263.54055555555556,
      276.6,
      475.2415929203539
    ],
    "diffuse_radiation": [
      92.9215955983494,
      81.95044642857144,
      73.59556451612903,
      55.118611111111115,
      54.28185483870967,
      55.361805555555556,
      56.81666666666666,
      62.54556451612903,
      62.80250000000001,
      65.82177419354839,
      80.04097222222222,
      90.08360215053762,
      88.45389784946238,
      83.3126488095238,
      85.27822580645162,
      66.72,
      53.792741935483875,
      52.52791666666667,
      48.89301075268817,
      55.629838709677415,
      58.04958333333333,
      55.086424731182795,
      61.47736111111111,
      72.08709677419355,
      77.55362903225806,
      82.12040229885056,
      79.272311827957,
      60.82541666666667,
      53.59475806451612,
      47.52430555555556,
      51.02620967741935,
      53.15443548387096,
      55.441250000000004,
      70.01424731182796,
      71.47305555555555,
      85.58655913978495,
      90.35228494623657,
      89.25431547619048,
      84.0388440860215,
      61.52208333333333,
      49.8638440860215,
      48.71125000000001,
      48.88225806451612,
      54.39556451612903,
      67.71777777777777,
      72.99865591397848,
      89.03041666666668,
      89.81908602150537,
      95.17701612903225,
      89.74315476190478,
      85.16666666666666,
      59.81333333333333,
      56.54838709677419,
      52.39611111111111,
      54.6755376344086,
      57.6510752688172,
      64.56319444444445,
      82.15,
      88.57805555555555,
      80.54502688172043,
      88.94583333333334,
      98.00431547619048,
      74.90793010752688,
      73.21000000000001,
      51.56733870967743,
      48.9848611111111,
      55.39287634408602,
      54.211693548387096,
      58.97611111111111,
      56.35000000000001,
      73.02930555555557,
      76.40618279569892,
      85.9483870967742,
      86.18347701149423,
      84.29758064516128,
      70.5963888888889,
      49.06317204301076,
      53.45569444444444,
      54.86008064516128,
      53.861827956989245,
      57.665694444444455,
      59.473924731182784,
      -171.56991150442477
    ],
    "direct_normal_irradiance": [
      92.97878954607975,
      178.89260416666664,
      216.19318548387096,
      272.3141805555556,
      257.05420698924735,
      236.3226666666666,
      243.3204166666667,
      237.67805107526888,
      277.9992222222223,
      285.41264784946236,
      206.17723611111106,
      152.417688172043,
      143.16068548387096,
      190.65534226190474,
      153.98302419354837,
      213.08591666666672,
      263.23604838709673,
      252.9583333333334,
      275.5321639784946,
      272.54911290322576,
      289.56611111111107,
      317.501370967742,
      287.0638055555556,
      233.31784946236567,
      216.8707123655914,
      183.31625,
      187.73567204301077,
      238.13638888888892,
      233.71286290322578,
      260.62591666666657,
      265.0419623655914,
      276.70375,
      290.30047222222225,
      241.1657930107527,
      234.10597222222228,
      142.56088709677414,
      112.49766129032261,
      136.46175595238094,
      172.65182795698925,
      241.21468055555556,
      265.8346774193549,
      241.96958333333333,
      277.09228494623653,
      262.64092741935485,
      228.42444444444442,
      248.71572580645156,
      150.59619444444448,
      176.68750000000006,
      153.48409946236558,
      167.4577529761905,
      194.2981182795699,
      254.49636111111107,
      244.12258064516135,
      242.32487500000008,
      254.12288978494627,
      263.635819892473,
      261.6494722222222,
      201.06522849462365,
      176.37806944444446,
      190.1526478494624,
      196.299811827957,
      122.86077380952379,
      226.68599462365597,
      198.38388888888886,
      275.943373655914,
      265.03594444444445,
      248.06163978494624,
      284.84879032258067,
      295.11970833333334,
      318.7846774193548,
      258.8155694444445,
      245.51287634408595,
      203.24294354838707,
      204.1314224137931,
      180.62549731182796,
      206.77698611111117,
      276.4678225806452,
      242.28459722222223,
      247.7272849462366,
      286.7153629032258,
      291.59429166666666,
      494.300188172043,
      2534.1175221238946
    ]
  }
}