{
  "prov_name": "NUSA TENGGARA BARAT",
  "num_kab": 10,
  "aggregated": true,
  "data": {
    "time": [
      "2018",
      "2019",
      "2020",
      "2021",
      "2022",
      "2023",
      "2024"
    ],
    "shortwave_radiation": [
      221.1708447802198,
      229.91640410958902,
      223.50591985428053,
      213.2223630136986,
      220.5600456621005,
      235.19776255707762,
      235.31061827956987
    ],
    "diffuse_radiation": [
      69.03082646520147,
      65.05575342465752,
      65.64590163934426,
      70.36901826484018,
      72.17094748858446,
      67.33464611872145,
      62.00020161290322
    ],
    "direct_normal_irradiance": [
      221.70642284798532,
      241.1344885844747,
      230.71004553734065,
      210.272408675799,
      217.23265525114144,
      245.41045433789932,
      298.58658602150535
    ]
  }
}