{
  "prov_name": "SUMATERA UTARA",
  "num_kab": 33,
  "aggregated": true,
  "data": {
    "time": [
      "2018-01",
      "2018-02",
      "2018-03",
      "2018-04",
      "2018-05",
      "2018-06",
      "2018-07",
      "2018-08",
      "2018-09",
      "2018-10",
      "2018-11",
      "2018-12",
      "2019-01",
      "2019-02",
      "2019-03",
      "2019-04",
      "2019-05",
      "2019-06",
      "2019-07",
      "2019-08",
      "2019-09",
      "2019-10",
      "2019-11",
      "2019-12",
      "2020-01",
      "2020-02",
      "2020-03",
      "2020-04",
      "2020-05",
      "2020-06",
      "2020-07",
      "2020-08",
      "2020-09",
      "2020-10",
      "2020-11",
      "2020-12",
      "2021-01",
      "2021-02",
      "2021-03",
      "2021-04",
      "2021-05",
      "2021-06",
      "2021-07",
      "2021-08",
      "2021-09",
      "2021-10",
      "2021-11",
      "2021-12",
      "2022-01",
      "2022-02",
      "2022-03",
      "2022-04",
      "2022-05",
      "2022-06",
      "2022-07",
      "2022-08",
      "2022-09",
      "2022-10",
      "2022-11",
      "2022-12",
      "2023-01",
      "2023-02",
      "2023-03",
      "2023-04",
      "2023-05",
      "2023-06",
      "2023-07",
      "2023-08",
      "2023-09",
      "2023-10",
      "2023-11",
      "2023-12",
      "2024-01",
      "2024-02",
      "2024-03",
      "2024-04",
      "2024-05",
      "2024-06",
      "2024-07",
      "2024-08",
      "2024-09",
      "2024-10",
      "2024-11"
    ],
    "shortwave_radiation": [
      183.69884540035844,
      208.2110840548341,
      209.37858422939073,
      194.34044612794617,
      184.88986640599543,
      208.79562289562296,
      204.7027940697296,
      230.03877484522644,
      195.87100168350167,
      170.78372434017592,
      166.8584595959596,
      180.99735255783645,
      192.77875529488435,
      209.19651875901883,
      222.39173998044967,
      206.16809764309758,
      200.6404366243076,
      194.28851010101013,
      214.00309547083737,
      217.3445747800586,
      220.7861952861953,
      191.1469126751385,
      191.7930134680135,
      176.4415933528837,
      203.6491120886282,
      214.2350226401951,
      225.38534538937765,
      197.96691919191923,
      193.80209351580325,
      204.64814814814815,
      189.9375610948192,
      214.00366568914953,
      195.01952861952867,
      191.845715216683,
      159.30067340067342,
      167.9663571195829,
      176.11583577712608,
      233.15625000000006,
      206.76600684261976,
      199.98270202020208,
      191.39548712935806,
      209.6039562289562,
      202.27989573150862,
      194.5756353861193,
      205.62971380471376,
      222.4189882697947,
      189.07369528619526,
      189.64430596285436,
      209.66809221244702,
      218.1635551948052,
      237.4435076572173,
      220.61052188552193,
      209.89125122189637,
      204.0882575757576,
      218.495275333985,
      211.21570544151186,
      217.04995791245784,
      181.71615347018584,
      176.15437710437715,
      169.31333496252856,
      197.60349462365588,
      216.48259379509386,
      225.72588791137179,
      216.60475589225592,
      215.57445421961552,
      210.78695286195284,
      208.99152818507656,
      206.8255539263604,
      209.65968013468014,
      200.33646953405014,
      187.48842592592595,
      181.1262218963832,
      199.09864776800262,
      229.83973354231978,
      224.33162267839683,
      217.46531986531986,
      191.6649560117302,
      206.26868686868684,
      227.085899315738,
      203.2113066145324,
      208.58880471380476,
      185.94969859889216,
      93.64199517296863
    ],
    "diffuse_radiation": [
      87.07832103705556,
      79.91323953823955,
      89.2249511241447,
      90.39920033670035,
      88.25272890192247,
      77.68131313131312,
      84.7326898012382,
      80.99918540241121,
      93.77377946127945,
      90.87654773541871,
      86.78480639730641,
      83.44762137504075,
      82.2444607363962,
      83.97862554112555,
      84.03107689801239,
      88.28421717171717,
      88.4316552623004,
      79.07941919191921,
      75.46880091234931,
      81.11111111111109,
      81.89591750841751,
      90.58329260345388,
      82.29978956228956,
      77.51429618768327,
      74.75769794721407,
      78.58925461511669,
      81.66646301726948,
      87.36704545454548,
      84.13831867057674,
      73.37314814814815,
      77.99352394916913,
      77.9978413163897,
      87.17567340067339,
      88.78653470185728,
      85.72361111111111,
      83.49837080482243,
      81.1460166177908,
      75.47524350649353,
      83.9181329423265,
      87.7499579124579,
      81.11644672531769,
      75.7246632996633,
      77.20519713261648,
      82.74059139784944,
      82.49755892255894,
      82.70886282176605,
      87.41712962962963,
      76.310972629521,
      75.5190615835777,
      84.0756222943723,
      80.75203649397199,
      88.26106902356901,
      80.83675464320625,
      84.18914141414139,
      77.94831378299119,
      82.25651678071031,
      92.25589225589225,
      96.41613717823395,
      89.22007575757576,
      85.27301238188335,
      89.26739165852071,
      85.5233134920635,
      85.22625448028676,
      88.58253367003368,
      81.6390925382861,
      79.69200336700335,
      82.59962528510917,
      89.69489247311827,
      91.81165824915823,
      96.5588954056696,
      91.8621632996633,
      84.63571195829262,
      84.51547735418703,
      80.56317485196796,
      84.17746008471815,
      90.35538720538723,
      92.72837243401757,
      80.17807239057241,
      76.37809547083742,
      86.9830156402737,
      91.34755892255893,
      74.9514092538286,
      39.37329042638777
    ],
    "direct_normal_irradiance": [
      139.10513109082572,
      180.04667658730162,
      162.3854757249918,
      139.84010942760943,
      130.4258879113718,
      183.90709175084177,
      166.9566593352884,
      201.54868442489405,
      134.42659932659936,
      108.9522360703812,
      114.31257996632998,
      143.82337080482245,
      160.69834636689473,
      175.63521374458875,
      188.3679700228088,
      157.06047558922563,
      153.74004561746497,
      160.7234301346802,
      195.0086795373086,
      185.92615265558814,
      187.80436447811445,
      135.54540159661127,
      157.8793476430976,
      148.11761567285754,
      191.93616405995436,
      191.2262147335423,
      194.76627973281197,
      147.51363215488212,
      149.31909009449333,
      185.1634722222223,
      155.66362007168456,
      184.98349217986316,
      142.34372474747474,
      140.67709758879118,
      104.47363215488218,
      125.4270120560443,
      138.05977924405343,
      222.66603535353534,
      166.3736640599544,
      150.9085563973064,
      152.81349788204622,
      189.2099831649831,
      174.51729797979795,
      150.27713831867055,
      165.52124999999998,
      191.85626425545786,
      143.8117676767677,
      170.2113921472792,
      197.5044232649071,
      184.4429383116883,
      210.75015070055397,
      176.98410774410775,
      178.9757942326491,
      167.160585016835,
      197.4314068100359,
      172.9897605083089,
      164.2449747474748,
      114.88833088954055,
      123.96777356902355,
      123.58876262626261,
      156.0577549690453,
      182.12582521645024,
      189.2992627891821,
      172.68232744107746,
      185.6657991202346,
      185.84871212121212,
      176.83156972955362,
      154.99853779732814,
      155.38433922558926,
      140.182775333985,
      134.87162878787882,
      142.69342619745842,
      164.83269387422615,
      209.48652037617552,
      189.80140110785268,
      169.17995791245795,
      135.90927419354838,
      177.9478914141414,
      212.76672368849785,
      156.41708211143694,
      155.01911616161624,
      152.62644183773216,
      97.70769643336014
    ]
  }
}