{
  "prov_name": "SUMATERA UTARA",
  "num_kab": 33,
  "aggregated": true,
  "data": {
    "time": [
      "2018",
      "2019",
      "2020",
      "2021",
      "2022",
      "2023",
      "2024"
    ],
    "shortwave_radiation": [
      194.63996073371075,
      203.04482496194825,
      196.52768463321738,
      201.47857340528572,
      205.94566555970664,
      206.45266708177664,
      207.5811094819159
    ],
    "diffuse_radiation": [
      86.08264305139308,
      82.91304829113048,
      81.72086645139925,
      81.19388404593884,
      84.74519510170197,
      87.23004704580046,
      83.6201898012382
    ],
    "direct_normal_irradiance": [
      150.13047854922863,
      167.16147225681476,
      159.58549014737537,
      167.63185865504354,
      167.49388612148886,
      164.80210356994615,
      171.14432551319643
    ]
  }
}