{
  "prov_name": "KALIMANTAN TIMUR",
  "num_kab": 10,
  "aggregated": true,
  "data": {
    "time": [
      "2018-01",
      "2018-02",
      "2018-03",
      "2018-04",
      "2018-05",
      "2018-06",
      "2018-07",
      "2018-08",
      "2018-09",
      "2018-10",
      "2018-11",
      "2018-12",
      "2019-01",
      "2019-02",
      "2019-03",
      "2019-04",
      "2019-05",
      "2019-06",
      "2019-07",
      "2019-08",
      "2019-09",
      "2019-10",
      "2019-11",
      "2019-12",
      "2020-01",
      "2020-02",
      "2020-03",
      "2020-04",
      "2020-05",
      "2020-06",
      "2020-07",
      "2020-08",
      "2020-09",
      "2020-10",
      "2020-11",
      "2020-12",
      "2021-01",
      "2021-02",
      "2021-03",
      "2021-04",
      "2021-05",
      "2021-06",
      "2021-07",
      "2021-08",
      "2021-09",
      "2021-10",
      "2021-11",
      "2021-12",
      "2022-01",
      "2022-02",
      "2022-03",
      "2022-04",
      "2022-05",
      "2022-06",
      "2022-07",
      "2022-08",
      "2022-09",
      "2022-10",
      "2022-11",
      "2022-12",
      "2023-01",
      "2023-02",
      "2023-03",
      "2023-04",
      "2023-05",
      "2023-06",
      "2023-07",
      "2023-08",
      "2023-09",
      "2023-10",
      "2023-11",
      "2023-12",
      "2024-01",
      "2024-02",
      "2024-03",
      "2024-04",
      "2024-05",
      "2024-06",
      "2024-07",
      "2024-08",
      "2024-09",
      "2024-10",
      "2024-11"
    ],
    "shortwave_radiation": [
      188.30178817056395,
      186.77247023809525,
      198.85913978494625,
      192.34819444444443,
      183.21397849462366,
      186.22972222222225,
      190.86491935483872,
      215.47688172043007,
      228.97958333333335,
      200.99959677419352,
      199.05152777777778,
      196.26034946236558,
      190.99314516129033,
      233.80223214285715,
      217.71895161290325,
      197.92361111111111,
      194.7426075268817,
      177.40125000000003,
      202.49932795698925,
      220.89690860215055,
      244.24999999999994,
      212.10631720430106,
      216.89583333333331,
      194.14086021505378,
      202.9177419354839,
      227.3347701149425,
      216.14771505376342,
      208.1186111111111,
      194.60887096774195,
      173.61111111111111,
      174.31747311827957,
      200.66505376344088,
      182.35027777777776,
      182.23333333333335,
      200.08027777777778,
      188.97056451612906,
      182.9825268817204,
      198.38169642857142,
      207.15645161290323,
      208.21013888888888,
      184.58884408602148,
      192.65708333333333,
      179.8361559139785,
      179.78817204301077,
      175.96222222222224,
      206.00295698924734,
      186.3226388888889,
      184.5424731182796,
      198.27715053763444,
      207.21116071428568,
      211.07889784946232,
      215.94555555555553,
      198.4260752688172,
      196.73291666666665,
      182.567876344086,
      200.1697580645161,
      203.2915277777778,
      196.07231182795698,
      199.43847222222217,
      200.59032258064514,
      188.31008064516126,
      189.18645833333335,
      206.20954301075267,
      212.15388888888887,
      200.5829301075269,
      194.68055555555554,
      202.5029569892473,
      235.79059139784945,
      237.43777777777777,
      243.66491935483873,
      211.68166666666667,
      209.62661290322586,
      211.78387096774196,
      240.035775862069,
      226.83629032258062,
      242.8947222222222,
      191.10645161290321,
      181.00138888888887,
      190.95147849462364,
      195.0239247311828,
      236.06916666666666,
      210.25887096774196,
      137.2433628318584
    ],
    "diffuse_radiation": [
      95.39834938101788,
      92.72738095238095,
      89.60551075268816,
      86.58374999999998,
      81.14583333333333,
      78.27027777777778,
      77.60215053763442,
      78.06290322580645,
      83.43916666666667,
      92.70040322580644,
      92.89541666666666,
      90.20658602150539,
      92.73333333333333,
      84.69330357142857,
      88.99784946236558,
      88.28208333333333,
      81.92916666666666,
      73.85472222222222,
      69.70752688172044,
      74.87137096774192,
      71.77652777777777,
      85.65080645161291,
      77.35097222222223,
      87.509811827957,
      76.26397849462364,
      80.35617816091954,
      81.69233870967741,
      78.08347222222221,
      73.89583333333333,
      76.9713888888889,
      76.63924731182796,
      76.07284946236558,
      87.85430555555556,
      87.90013440860216,
      84.63416666666667,
      90.19784946236561,
      89.74247311827958,
      90.32633928571428,
      88.46559139784945,
      86.4748611111111,
      77.48924731182797,
      73.22305555555556,
      75.77701612903226,
      83.87110215053762,
      86.22722222222221,
      91.48400537634409,
      92.97624999999998,
      99.35349462365592,
      95.05900537634407,
      94.18541666666667,
      90.78817204301075,
      88.46930555555555,
      82.21397849462366,
      79.75152777777778,
      79.01545698924731,
      87.39959677419353,
      93.51083333333332,
      98.33360215053763,
      96.06763888888888,
      92.40336021505377,
      98.57298387096775,
      100.06934523809522,
      96.95120967741936,
      89.4561111111111,
      83.76801075268818,
      77.34680555555556,
      76.52540322580646,
      73.85833333333333,
      78.80486111111111,
      79.69583333333333,
      87.22611111111112,
      86.64354838709677,
      88.1633064516129,
      81.29425287356324,
      86.78655913978494,
      71.10402777777777,
      83.31747311827957,
      82.20388888888888,
      78.13736559139785,
      89.07405913978494,
      82.74125000000001,
      82.67916666666665,
      25.35929203539823
    ],
    "direct_normal_irradiance": [
      131.18001375515817,
      127.29586309523809,
      146.60436827956994,
      143.00156944444444,
      145.14889784946234,
      159.23475,
      166.1737231182796,
      191.4976612903226,
      196.87079166666666,
      146.00825268817204,
      148.25829166666668,
      154.31547043010752,
      140.49282258064517,
      207.02613095238092,
      175.14497311827955,
      150.24061111111115,
      161.98608870967743,
      153.591625,
      195.35928763440862,
      206.45920698924732,
      236.47227777777775,
      172.53096774193546,
      200.34076388888892,
      155.18610215053758,
      183.0194220430107,
      205.27140804597698,
      182.92982526881718,
      178.48336111111107,
      172.7069489247312,
      141.27779166666664,
      141.59396505376344,
      174.1100268817204,
      126.14501388888891,
      127.36955645161292,
      164.36083333333335,
      142.7219623655914,
      132.09267473118274,
      147.34010416666666,
      160.61923387096775,
      167.14976388888888,
      153.400497311828,
      177.05015277777773,
      153.1748655913978,
      133.38301075268816,
      119.63634722222221,
      154.76325268817203,
      130.848,
      122.91037634408603,
      143.33610215053764,
      154.8294345238095,
      162.77592741935487,
      173.02679166666667,
      162.88169354838712,
      171.71780555555551,
      151.97551075268814,
      156.78930107526884,
      145.72527777777782,
      130.77575268817202,
      144.4314027777778,
      154.23419354838708,
      128.97809139784945,
      121.27614583333335,
      145.13927419354837,
      168.19541666666663,
      169.3028763440861,
      173.20412499999998,
      184.13436827956986,
      226.9925,
      214.30480555555556,
      223.4353897849462,
      176.93630555555555,
      179.3486424731183,
      176.08428763440864,
      221.22373563218395,
      191.1159946236559,
      238.08763888888885,
      152.40413978494627,
      145.1519722222222,
      165.7372446236559,
      149.675564516129,
      206.09875000000002,
      273.6266397849462,
      987.6350442477876
    ]
  }
}