{
  "prov_name": "KALIMANTAN TIMUR",
  "num_kab": 10,
  "aggregated": true,
  "data": {
    "time": [
      "2018",
      "2019",
      "2020",
      "2021",
      "2022",
      "2023",
      "2024"
    ],
    "shortwave_radiation": [
      197.1579326923077,
      208.27985159817354,
      195.86103142076502,
      190.46324200913244,
      200.67138127853883,
      211.2498515981735,
      211.44044354838712
    ],
    "diffuse_radiation": [
      86.34513507326005,
      81.54630136986302,
      80.83979963570127,
      86.23646118721463,
      89.78340182648402,
      85.59385844748859,
      81.89575268817205
    ],
    "direct_normal_irradiance": [
      154.7990499084251,
      178.9977294520546,
      161.6422222222223,
      146.0099977168949,
      154.15497602739737,
      176.5506038812784,
      203.85641263440854
    ]
  }
}