{
  "prov_name": "MALUKU",
  "num_kab": 11,
  "aggregated": true,
  "data": {
    "time": [
      "2018",
      "2019",
      "2020",
      "2021",
      "2022",
      "2023",
      "2024"
    ],
    "shortwave_radiation": [
      204.44952963702963,
      209.9096616853466,
      200.71180038085777,
      195.74253839767536,
      203.5755707762557,
      217.2269510170195,
      205.79337732160312
    ],
    "diffuse_radiation": [
      77.58776640026639,
      74.50413034454131,
      75.08575509190263,
      77.39228933167288,
      79.36049190535492,
      76.70012453300124,
      72.7669843597263
    ],
    "direct_normal_irradiance": [
      183.00144855144856,
      196.5881309672063,
      183.0682656482861,
      171.9906112494811,
      180.03947384806966,
      203.2461467413863,
      220.87264784946254
    ]
  }
}