{
  "prov_name": "MALUKU",
  "num_kab": 11,
  "aggregated": true,
  "data": {
    "time": [
      "2018-01",
      "2018-02",
      "2018-03",
      "2018-04",
      "2018-05",
      "2018-06",
      "2018-07",
      "2018-08",
      "2018-09",
      "2018-10",
      "2018-11",
      "2018-12",
      "2019-01",
      "2019-02",
      "2019-03",
      "2019-04",
      "2019-05",
      "2019-06",
      "2019-07",
      "2019-08",
      "2019-09",
      "2019-10",
      "2019-11",
      "2019-12",
      "2020-01",
      "2020-02",
      "2020-03",
      "2020-04",
      "2020-05",
      "2020-06",
      "2020-07",
      "2020-08",
      "2020-09",
      "2020-10",
      "2020-11",
      "2020-12",
      "2021-01",
      "2021-02",
      "2021-03",
      "2021-04",
      "2021-05",
      "2021-06",
      "2021-07",
      "2021-08",
      "2021-09",
      "2021-10",
      "2021-11",
      "2021-12",
      "2022-01",
      "2022-02",
      "2022-03",
      "2022-04",
      "2022-05",
      "2022-06",
      "2022-07",
      "2022-08",
      "2022-09",
      "2022-10",
      "2022-11",
      "2022-12",
      "2023-01",
      "2023-02",
      "2023-03",
      "2023-04",
      "2023-05",
      "2023-06",
      "2023-07",
      "2023-08",
      "2023-09",
      "2023-10",
      "2023-11",
      "2023-12",
      "2024-01",
      "2024-02",
      "2024-03",
      "2024-04",
      "2024-05",
      "2024-06",
      "2024-07",
      "2024-08",
      "2024-09",
      "2024-10",
      "2024-11"
    ],
    "shortwave_radiation": [
      190.8649493560085,
      208.36918290043295,
      208.66886608015645,
      196.32373737373737,
      170.13208699902248,
      177.07765151515153,
      180.31366080156403,
      208.6348973607038,
      235.66818181818186,
      256.2046676441838,
      225.29305555555555,
      199.50476539589445,
      198.1375855327468,
      218.8175054112554,
      203.37732160312805,
      194.919696969697,
      183.53005865102642,
      166.28345959595958,
      187.69098240469205,
      205.14956011730203,
      232.67108585858585,
      237.916788856305,
      261.8174242424242,
      230.3350439882698,
      226.00488758553274,
      220.2830459770115,
      195.12157869012708,
      194.3685606060606,
      185.1524926686217,
      167.01515151515153,
      177.34261974584552,
      204.82062561094818,
      205.74520202020204,
      222.8489736070381,
      216.30189393939392,
      194.07917888563045,
      189.0299364613881,
      198.91869588744586,
      206.25281036168136,
      218.2257575757576,
      178.49450146627566,
      174.9058080808081,
      164.3961388074291,
      190.61754643206257,
      190.59810606060609,
      232.15933528836757,
      204.69255050505052,
      200.90945747800586,
      209.75549853372434,
      205.99526515151513,
      207.54142228739002,
      219.3965909090909,
      193.98057184750732,
      179.6165404040404,
      162.0327468230694,
      195.29655425219943,
      219.60580808080806,
      236.3763440860215,
      209.3208333333333,
      205.4543010752688,
      219.05742913000984,
      198.44020562770564,
      222.5844330400782,
      210.4434343434343,
      186.82050342130987,
      180.45252525252525,
      187.24034701857283,
      219.2438905180841,
      239.72563131313134,
      263.99657869012714,
      252.22588383838382,
      224.45332355816228,
      218.42045454545453,
      231.77377220480665,
      205.75635386119257,
      186.29027777777776,
      173.9247311827957,
      171.37487373737375,
      182.9116568914956,
      200.5013440860215,
      232.0693181818182,
      227.9931573802542,
      366.9195494770716
    ],
    "diffuse_radiation": [
      92.06965111916969,
      87.58982683982684,
      85.3855083088954,
      75.94898989898991,
      68.75659824046922,
      68.25404040404041,
      70.40945747800586,
      72.61656891495602,
      73.72171717171717,
      71.77138318670576,
      80.22828282828283,
      87.20967741935482,
      89.93218475073313,
      87.75338203463204,
      82.19953567937439,
      78.02714646464646,
      72.23252688172043,
      66.27184343434342,
      66.25048875855327,
      71.76881720430107,
      71.42121212121214,
      71.5039100684262,
      62.22386363636363,
      74.27602639296187,
      75.6033724340176,
      84.33176593521421,
      82.55046432062562,
      73.7608585858586,
      67.44220430107528,
      66.14166666666667,
      66.6937927663734,
      65.63917399804497,
      76.8534090909091,
      76.29557673509288,
      79.74027777777779,
      86.89100684261975,
      89.16801075268818,
      88.05113636363636,
      80.52248289345063,
      67.50871212121211,
      68.8435972629521,
      65.44583333333334,
      65.08553274682306,
      71.30058651026393,
      78.2871212121212,
      76.61999022482894,
      87.55883838383839,
      90.66324535679374,
      90.7172531769306,
      88.76515151515152,
      86.71920821114368,
      73.56729797979798,
      69.89222873900295,
      69.0546717171717,
      70.63501955034214,
      75.24621212121211,
      78.66262626262625,
      77.8730449657869,
      86.85681818181818,
      84.71297653958943,
      91.34714076246335,
      96.58319805194806,
      83.5097751710655,
      78.00681818181818,
      72.24645650048875,
      69.93118686868688,
      67.78506842619747,
      71.20796676441837,
      72.25719696969696,
      67.09115347018573,
      71.08068181818182,
      81.22275171065495,
      90.11693548387098,
      85.31948798328109,
      88.03201368523948,
      81.87184343434343,
      73.43340664711631,
      71.35075757575758,
      70.46835288367546,
      76.12023460410558,
      74.6695707070707,
      65.22165200391008,
      -252.20273531777957
    ],
    "direct_normal_irradiance": [
      139.90961610603975,
      169.88958333333335,
      170.26385630498532,
      173.94502525252526,
      154.1875366568915,
      171.30448232323226,
      168.10959188660806,
      196.65558406647114,
      226.45270202020208,
      255.71243890518087,
      207.72604797979804,
      162.14406158357772,
      155.44723851417405,
      184.33331980519478,
      166.56918377321605,
      168.38963383838384,
      169.12848240469205,
      158.28284090909094,
      188.81990469208205,
      196.3677908113392,
      227.48997474747475,
      231.43543499511244,
      286.55262626262623,
      228.4241080156403,
      217.30883431085041,
      190.22804336468127,
      158.31048387096777,
      175.44569444444446,
      178.16790078201365,
      160.11559343434345,
      171.92971652003914,
      204.56914711632453,
      181.43803030303033,
      204.9180351906158,
      196.51691919191924,
      157.06443059628543,
      143.21653225806455,
      155.10748106060603,
      175.76401515151517,
      217.83133838383839,
      167.99035923753667,
      173.3174494949495,
      153.7540566959922,
      176.40799120234604,
      157.3767424242424,
      217.3402248289345,
      168.46551767676772,
      156.84626099706745,
      169.64400048875856,
      164.08571428571437,
      168.2282502443793,
      211.4053914141414,
      188.29712854349947,
      173.46691919191915,
      141.26675219941356,
      176.13834310850436,
      198.2373611111111,
      222.30296920821118,
      173.5293055555555,
      174.59415933528842,
      181.9619257086999,
      139.96547619047618,
      194.95353128054742,
      190.57758838383833,
      173.75034213098735,
      173.41323232323222,
      183.03627810361687,
      216.65426441837724,
      234.97804292929294,
      274.0735826001955,
      260.53738636363636,
      209.19925464320616,
      182.87707722385144,
      205.15949582027167,
      162.8309261974584,
      151.45248737373734,
      153.6975928641251,
      157.70875000000004,
      171.81997800586515,
      181.42145650048872,
      220.54458333333335,
      282.73175708699904,
      2403.4283185840704
    ]
  }
}