{
  "prov_name": "SULAWESI TENGAH",
  "num_kab": 13,
  "aggregated": true,
  "data": {
    "time": [
      "2018",
      "2019",
      "2020",
      "2021",
      "2022",
      "2023",
      "2024"
    ],
    "shortwave_radiation": [
      205.02218054381515,
      214.75876361081842,
      199.17095768530197,
      200.10842992623813,
      208.0155426765016,
      219.53047945205478,
      212.01455748552522
    ],
    "diffuse_radiation": [
      79.15177690898842,
      74.99512644889357,
      76.75449243379572,
      79.19461714085001,
      83.04315946610467,
      79.1836143308746,
      79.86892059553351
    ],
    "direct_normal_irradiance": [
      178.86588651732893,
      199.6428951527925,
      174.50532611741636,
      172.48365472427122,
      177.60027572883726,
      199.86453371970492,
      193.3167214640198
    ]
  }
}