{
  "prov_name": "SULAWESI TENGAH",
  "num_kab": 13,
  "aggregated": true,
  "data": {
    "time": [
      "2018-01",
      "2018-02",
      "2018-03",
      "2018-04",
      "2018-05",
      "2018-06",
      "2018-07",
      "2018-08",
      "2018-09",
      "2018-10",
      "2018-11",
      "2018-12",
      "2019-01",
      "2019-02",
      "2019-03",
      "2019-04",
      "2019-05",
      "2019-06",
      "2019-07",
      "2019-08",
      "2019-09",
      "2019-10",
      "2019-11",
      "2019-12",
      "2020-01",
      "2020-02",
      "2020-03",
      "2020-04",
      "2020-05",
      "2020-06",
      "2020-07",
      "2020-08",
      "2020-09",
      "2020-10",
      "2020-11",
      "2020-12",
      "2021-01",
      "2021-02",
      "2021-03",
      "2021-04",
      "2021-05",
      "2021-06",
      "2021-07",
      "2021-08",
      "2021-09",
      "2021-10",
      "2021-11",
      "2021-12",
      "2022-01",
      "2022-02",
      "2022-03",
      "2022-04",
      "2022-05",
      "2022-06",
      "2022-07",
      "2022-08",
      "2022-09",
      "2022-10",
      "2022-11",
      "2022-12",
      "2023-01",
      "2023-02",
      "2023-03",
      "2023-04",
      "2023-05",
      "2023-06",
      "2023-07",
      "2023-08",
      "2023-09",
      "2023-10",
      "2023-11",
      "2023-12",
      "2024-01",
      "2024-02",
      "2024-03",
      "2024-04",
      "2024-05",
      "2024-06",
      "2024-07",
      "2024-08",
      "2024-09",
      "2024-10",
      "2024-11"
    ],
    "shortwave_radiation": [
      191.63855676647975,
      193.78468406593404,
      204.22043010752688,
      193.01185897435897,
      178.49389991728702,
      185.738141025641,
      196.97249793217537,
      220.27636476426798,
      250.41431623931624,
      234.7178453267163,
      212.83173076923075,
      200.3074855252275,
      198.65829197684036,
      210.69093406593402,
      226.65456989247306,
      191.5461538461538,
      198.80531430934658,
      171.73279914529914,
      196.56420595533498,
      234.69758064516125,
      256.5720085470085,
      238.1598428453267,
      243.77852564102568,
      208.9732216708023,
      205.63037634408605,
      216.3937886825818,
      197.80531430934658,
      205.40811965811966,
      190.05107526881721,
      164.29626068376066,
      168.73531844499587,
      217.53236145574854,
      206.1051282051282,
      216.1556038047974,
      211.25961538461536,
      191.63130686517783,
      188.18465674110837,
      200.91918498168496,
      206.91232423490484,
      210.25010683760684,
      183.23097601323406,
      191.08536324786326,
      179.22611662531014,
      194.28680727874274,
      195.20256410256408,
      233.4465467328371,
      207.3849358974359,
      211.67473118279565,
      206.16583953680725,
      208.71405677655682,
      214.88513234077752,
      221.48141025641024,
      195.16129032258064,
      201.46089743589744,
      171.07247725392887,
      209.69220430107526,
      227.22414529914528,
      220.4642266335815,
      212.30651709401712,
      209.23697270471465,
      204.8338502894954,
      208.52667124542126,
      212.85494210090985,
      218.7532051282051,
      200.5178866832092,
      193.8198717948718,
      200.4401364764268,
      229.84997932175352,
      247.49754273504277,
      270.1717328370554,
      232.69764957264954,
      213.66976840363938,
      210.84491315136478,
      232.60245358090185,
      225.9962779156328,
      213.1792735042735,
      193.27791563275434,
      176.07713675213674,
      181.2515508684864,
      211.25878825475604,
      247.4488247863248,
      220.59729114971054,
      246.71681415929203
    ],
    "diffuse_radiation": [
      91.66892392339436,
      91.57566391941393,
      86.6990281224152,
      78.7173076923077,
      73.53101736972705,
      69.442094017094,
      69.183105872622,
      71.42431761786601,
      70.60181623931624,
      78.16749379652605,
      83.06474358974359,
      88.46339950372209,
      91.1241728701406,
      89.00904304029305,
      83.35618279569893,
      83.69636752136752,
      75.41077336641852,
      70.67179487179486,
      65.71081472291151,
      64.42659222497933,
      62.25673076923078,
      70.38875103391231,
      63.562927350427344,
      80.50465260545909,
      77.20822994210091,
      82.61306366047747,
      83.05552109181141,
      73.58782051282051,
      73.43486352357321,
      72.59476495726496,
      70.65301902398676,
      65.56337882547561,
      77.45106837606838,
      78.70492142266336,
      78.1392094017094,
      88.48097601323408,
      84.61724565756823,
      89.67582417582418,
      84.78029363110008,
      77.60576923076923,
      72.82537220843673,
      66.71057692307691,
      68.28928866832095,
      74.7416253101737,
      80.10641025641027,
      78.96071133167908,
      84.88055555555556,
      87.95430107526883,
      90.76643920595531,
      88.90956959706958,
      88.29435483870968,
      81.72959401709402,
      78.57444168734493,
      71.01250000000002,
      76.70388751033911,
      78.29352770885029,
      80.39487179487179,
      85.50341191066998,
      88.10384615384615,
      88.5017576509512,
      95.15198511166251,
      98.55288461538461,
      91.96412324234903,
      78.8940170940171,
      79.07413151364764,
      72.81025641025641,
      72.65488006617039,
      70.40880893300248,
      71.02008547008548,
      61.736042183622814,
      75.10096153846155,
      83.60949131513647,
      89.22725392886683,
      82.47181697612733,
      86.84129445822994,
      80.59455128205127,
      76.3626964433416,
      78.16388888888888,
      72.84760132340779,
      77.10628618693134,
      73.41517094017094,
      76.81162117452442,
      104.80735194009529
    ],
    "direct_normal_irradiance": [
      144.18477409797904,
      143.51603708791214,
      160.6737282878412,
      159.31477564102565,
      152.22105045492142,
      173.9058333333334,
      187.40068238213402,
      211.3468982630273,
      248.39696581196588,
      216.58163771712154,
      184.69917735042733,
      162.96713192721256,
      154.4632961124897,
      169.01891025641024,
      196.86228287841197,
      149.09631410256412,
      180.20985318444994,
      152.1547329059829,
      195.12616832092638,
      244.0609284532672,
      269.7050427350427,
      233.039547146402,
      261.2531837606838,
      189.52837055417697,
      187.858447063689,
      187.3296529619806,
      157.99954507857734,
      184.22196581196582,
      170.00334987593047,
      137.19365384615386,
      145.44493382961124,
      215.76193134822157,
      176.05819444444447,
      188.47071960297762,
      191.21560897435896,
      153.04757030603804,
      150.29604011579815,
      154.3123168498168,
      169.7254445822994,
      186.70587606837606,
      160.88063482216708,
      186.8962286324786,
      164.38243382961127,
      169.94763234077752,
      157.1257264957265,
      212.68057278742768,
      175.26424145299146,
      180.68042803970218,
      164.93300248138956,
      165.4574633699634,
      173.25852977667495,
      195.7789102564103,
      170.41433002481392,
      197.31646367521373,
      139.74066377171218,
      185.82334574028118,
      201.80024572649575,
      185.91825889164605,
      176.7442948717949,
      175.52848428453265,
      157.37269437551697,
      150.27983058608064,
      164.55595533498763,
      193.83049145299148,
      176.73265095119933,
      182.6553205128205,
      188.8358664185277,
      226.13310587262197,
      244.74209401709402,
      290.97441066997516,
      228.0568482905983,
      191.43873035566583,
      175.95347394540937,
      210.21380415561453,
      190.1250516956162,
      185.18608974358975,
      170.4140922249793,
      147.3361752136752,
      158.70915012406945,
      190.54794251447473,
      240.11931623931622,
      199.9010132340777,
      602.143294758339
    ]
  }
}