{
  "prov_name": "JAWA BARAT",
  "num_kab": 27,
  "aggregated": true,
  "data": {
    "time": [
      "2018",
      "2019",
      "2020",
      "2021",
      "2022",
      "2023",
      "2024"
    ],
    "shortwave_radiation": [
      210.65998507665176,
      220.1233426348723,
      196.6173050327195,
      199.62186707255202,
      205.1330373752748,
      224.23848300355147,
      222.52250597371562
    ],
    "diffuse_radiation": [
      74.10501034459368,
      70.63701589717571,
      74.27008281049719,
      74.76307289024186,
      79.69795788939625,
      72.2645653644512,
      69.22736957387495
    ],
    "direct_normal_irradiance": [
      194.76280397842874,
      214.10561728395072,
      174.9951920157863,
      177.853173938779,
      177.20913368848298,
      216.5997518180282,
      224.04900985663082
    ]
  }
}