{
  "prov_name": "JAWA BARAT",
  "num_kab": 27,
  "aggregated": true,
  "data": {
    "time": [
      "2018-01",
      "2018-02",
      "2018-03",
      "2018-04",
      "2018-05",
      "2018-06",
      "2018-07",
      "2018-08",
      "2018-09",
      "2018-10",
      "2018-11",
      "2018-12",
      "2019-01",
      "2019-02",
      "2019-03",
      "2019-04",
      "2019-05",
      "2019-06",
      "2019-07",
      "2019-08",
      "2019-09",
      "2019-10",
      "2019-11",
      "2019-12",
      "2020-01",
      "2020-02",
      "2020-03",
      "2020-04",
      "2020-05",
      "2020-06",
      "2020-07",
      "2020-08",
      "2020-09",
      "2020-10",
      "2020-11",
      "2020-12",
      "2021-01",
      "2021-02",
      "2021-03",
      "2021-04",
      "2021-05",
      "2021-06",
      "2021-07",
      "2021-08",
      "2021-09",
      "2021-10",
      "2021-11",
      "2021-12",
      "2022-01",
      "2022-02",
      "2022-03",
      "2022-04",
      "2022-05",
      "2022-06",
      "2022-07",
      "2022-08",
      "2022-09",
      "2022-10",
      "2022-11",
      "2022-12",
      "2023-01",
      "2023-02",
      "2023-03",
      "2023-04",
      "2023-05",
      "2023-06",
      "2023-07",
      "2023-08",
      "2023-09",
      "2023-10",
      "2023-11",
      "2023-12",
      "2024-01",
      "2024-02",
      "2024-03",
      "2024-04",
      "2024-05",
      "2024-06",
      "2024-07",
      "2024-08",
      "2024-09",
      "2024-10",
      "2024-11"
    ],
    "shortwave_radiation": [
      175.54388914361402,
      191.2317570546737,
      208.92677220230982,
      209.51028806584358,
      210.42527877339705,
      197.98395061728394,
      223.40825368379126,
      234.2598068498606,
      240.73719135802463,
      242.63570290720833,
      200.41790123456792,
      191.31710473914777,
      190.47087813620075,
      207.31106701940038,
      192.1524790919952,
      196.67124485596707,
      209.2867881322182,
      216.00560699588473,
      224.34179609717245,
      239.0210075667065,
      265.03863168724286,
      262.1268916766229,
      239.40457818930048,
      198.129330943847,
      189.70937873357232,
      172.50282034908474,
      194.77479091995227,
      194.6136316872428,
      179.17219235364396,
      192.63215020576132,
      206.29485264834727,
      221.53733572281962,
      239.59943415637858,
      200.02095778574272,
      203.6372427983539,
      166.75736758263642,
      157.9222421346077,
      174.0906635802469,
      203.08965551573075,
      214.3186728395062,
      201.6667164476304,
      179.6810185185185,
      213.26219633612106,
      216.3647451214655,
      223.25720164609052,
      230.734468339307,
      187.31069958847732,
      192.92398446833937,
      213.4891477499004,
      188.69543650793653,
      209.67761847869374,
      210.08261316872427,
      197.78962564715255,
      188.18487654320987,
      206.12445240939869,
      224.35150338510553,
      226.8725823045268,
      200.06063321385895,
      200.29439300411525,
      192.6758761449621,
      202.95031859816805,
      170.48991402116403,
      219.01513341298286,
      222.66332304526753,
      210.98242731979292,
      202.3352366255144,
      212.07860414177617,
      241.56222620469933,
      268.754938271605,
      270.70330545599364,
      229.56882716049387,
      237.25069693349263,
      203.73486658701714,
      214.95258620689657,
      214.2810135404221,
      209.46111111111114,
      212.3382616487455,
      203.46260288065844,
      218.27996814018314,
      241.2058442851454,
      251.90128600823041,
      241.6122062923138,
      292.5165519501802
    ],
    "diffuse_radiation": [
      92.98935248866472,
      84.85554453262786,
      80.91358024691355,
      68.48353909465021,
      58.85643170051773,
      57.56491769547325,
      56.21465551573079,
      64.39730187176424,
      71.54156378600823,
      78.50990641178815,
      87.21003086419753,
      90.1519315013939,
      90.20290720828355,
      89.04122574955909,
      88.6889685384309,
      77.7710390946502,
      59.94812823576265,
      52.36671810699589,
      50.26602947033054,
      58.547043010752695,
      60.00349794238682,
      66.40870171246515,
      69.67186213991768,
      85.13191955396256,
      85.95922939068099,
      90.43630268199234,
      85.5504281162883,
      73.51147119341563,
      66.29604739147752,
      56.06059670781892,
      55.77857427319792,
      59.98566308243728,
      67.49557613168723,
      81.40407208283553,
      84.84156378600822,
      84.99561927518917,
      88.5412684189566,
      90.61287477954144,
      82.68672839506173,
      65.80817901234566,
      58.96669653524491,
      59.69850823045265,
      53.68842094782955,
      61.702608522500995,
      70.72083333333333,
      82.47013142174431,
      91.5755658436214,
      92.15372361608922,
      90.0706889685384,
      94.45122354497356,
      84.11549183592194,
      72.50709876543209,
      66.51558144165672,
      64.68425925925925,
      60.73382118677819,
      66.3760951812027,
      77.87309670781895,
      92.72276981282357,
      93.75977366255144,
      93.57437275985659,
      92.34314018319395,
      95.22128527336864,
      80.48357228195938,
      73.98899176954731,
      61.24537037037039,
      56.125360082304525,
      57.88764436479491,
      60.00253882915173,
      61.69300411522632,
      66.14924332935085,
      83.91219135802469,
      79.9578853046595,
      92.08482676224612,
      88.39990421455938,
      81.10578454798886,
      76.15817901234567,
      59.01110115491837,
      57.08626543209877,
      55.59712266029471,
      61.169354838709694,
      66.20627572016461,
      65.05734767025089,
      2.5329400196656824
    ],
    "direct_normal_irradiance": [
      112.277156248408,
      145.86324404761905,
      173.78078454798887,
      200.37441872427985,
      228.20048785344486,
      218.7822582304526,
      257.29887992831544,
      245.8747461170849,
      232.4047170781892,
      222.07766328156117,
      153.61273662551437,
      140.2226005575468,
      138.66366487455196,
      161.4347883597884,
      138.7169802867384,
      165.01347222222216,
      223.92509956192748,
      257.4388014403292,
      269.2701712465154,
      265.04215949820787,
      285.81340020576124,
      267.8682945041816,
      235.21533950617285,
      157.47342692154524,
      145.2319792911191,
      110.91409642401017,
      148.34901931501392,
      172.16027777777774,
      169.226125049781,
      214.438225308642,
      230.72979888490644,
      235.40568000796497,
      238.84880658436214,
      160.8398446833931,
      161.4416203703704,
      113.050821385902,
      93.17685185185185,
      110.3085868606702,
      162.43105336519318,
      212.2917232510288,
      215.33748008761452,
      187.12022119341563,
      245.73029669454405,
      224.5358522500996,
      209.65733024691363,
      199.26886200716848,
      128.52892489711937,
      141.58413480684987,
      170.81717941059338,
      125.94649470899469,
      167.7497759856631,
      193.08803497942392,
      194.77345181202708,
      192.51376028806592,
      223.27844484269212,
      228.37858920748707,
      202.82022633744856,
      141.93536439665473,
      142.293945473251,
      136.22512943050575,
      152.27743926722417,
      100.6350418871252,
      189.29298586220625,
      207.50422839506177,
      225.69124352847473,
      227.48919238683126,
      235.67045499800878,
      264.5601403823178,
      287.4167489711934,
      279.01284846674633,
      200.88948559670783,
      221.8379928315412,
      155.0567901234568,
      173.67414857386117,
      183.25201115093589,
      187.17942901234565,
      231.2668458781362,
      229.4268055555555,
      250.79269215452004,
      261.0843339307049,
      256.5502057613169,
      239.85432596575072,
      669.3942969518191
    ]
  }
}