{
  "prov_name": "SULAWESI UTARA",
  "num_kab": 15,
  "aggregated": true,
  "data": {
    "time": [
      "2018",
      "2019",
      "2020",
      "2021",
      "2022",
      "2023",
      "2024"
    ],
    "shortwave_radiation": [
      212.30264804639805,
      226.08665144596654,
      204.5585837887067,
      201.7930898021309,
      205.52723744292234,
      222.88133942161343,
      223.21881720430108
    ],
    "diffuse_radiation": [
      77.63849206349207,
      70.69414764079147,
      74.52624468731027,
      77.69748097412482,
      82.24148401826483,
      75.89154490106544,
      76.53310035842294
    ],
    "direct_normal_irradiance": [
      192.42228098290613,
      223.84135007610365,
      187.6394497571344,
      178.33551369863014,
      176.93947488584487,
      211.1749056316589,
      218.32619354838698
    ]
  }
}