{
  "prov_name": "SULAWESI UTARA",
  "num_kab": 15,
  "aggregated": true,
  "data": {
    "time": [
      "2018-01",
      "2018-02",
      "2018-03",
      "2018-04",
      "2018-05",
      "2018-06",
      "2018-07",
      "2018-08",
      "2018-09",
      "2018-10",
      "2018-11",
      "2018-12",
      "2019-01",
      "2019-02",
      "2019-03",
      "2019-04",
      "2019-05",
      "2019-06",
      "2019-07",
      "2019-08",
      "2019-09",
      "2019-10",
      "2019-11",
      "2019-12",
      "2020-01",
      "2020-02",
      "2020-03",
      "2020-04",
      "2020-05",
      "2020-06",
      "2020-07",
      "2020-08",
      "2020-09",
      "2020-10",
      "2020-11",
      "2020-12",
      "2021-01",
      "2021-02",
      "2021-03",
      "2021-04",
      "2021-05",
      "2021-06",
      "2021-07",
      "2021-08",
      "2021-09",
      "2021-10",
      "2021-11",
      "2021-12",
      "2022-01",
      "2022-02",
      "2022-03",
      "2022-04",
      "2022-05",
      "2022-06",
      "2022-07",
      "2022-08",
      "2022-09",
      "2022-10",
      "2022-11",
      "2022-12",
      "2023-01",
      "2023-02",
      "2023-03",
      "2023-04",
      "2023-05",
      "2023-06",
      "2023-07",
      "2023-08",
      "2023-09",
      "2023-10",
      "2023-11",
      "2023-12",
      "2024-01",
      "2024-02",
      "2024-03",
      "2024-04",
      "2024-05",
      "2024-06",
      "2024-07",
      "2024-08",
      "2024-09",
      "2024-10",
      "2024-11"
    ],
    "shortwave_radiation": [
      193.2011004126548,
      201.75148809523807,
      207.33835125448027,
      194.88944444444445,
      209.98853046594982,
      204.36379629629627,
      212.45412186379932,
      242.56648745519712,
      260.40037037037035,
      232.0620071684588,
      206.79333333333338,
      184.54292114695343,
      182.6922043010753,
      233.040376984127,
      233.7112007168459,
      215.28083333333336,
      230.59838709677422,
      191.18564814814818,
      206.48001792114698,
      262.2131720430107,
      276.7574074074074,
      234.20313620071684,
      240.61,
      206.63933691756273,
      212.26281362007174,
      224.32605363984675,
      214.07885304659496,
      225.3822222222222,
      213.41783154121865,
      175.4097222222222,
      181.16478494623655,
      215.5019713261649,
      207.0628703703704,
      201.27374551971326,
      201.26416666666668,
      184.94077060931903,
      176.1231182795699,
      201.77807539682541,
      197.74910394265228,
      227.97833333333335,
      183.7994623655914,
      207.7501851851852,
      200.4070788530466,
      210.21344086021503,
      188.2686111111111,
      232.664247311828,
      203.19462962962965,
      191.3160394265233,
      194.69498207885306,
      175.03005952380954,
      216.33942652329745,
      219.97546296296295,
      189.8368279569892,
      214.74490740740742,
      188.7208781362007,
      216.55976702508957,
      234.50777777777776,
      221.00340501792112,
      198.04175925925927,
      197.36102150537639,
      193.82159498207886,
      198.8600198412698,
      212.98862007168458,
      227.20138888888889,
      216.80707885304665,
      198.59851851851855,
      210.66917562724018,
      246.18942652329753,
      253.0952777777778,
      270.64112903225816,
      221.15175925925925,
      222.01102150537636,
      193.84112903225804,
      237.0464559386973,
      235.59086021505374,
      230.4588888888889,
      214.69928315412187,
      180.11370370370372,
      202.27213261648745,
      211.37025089605729,
      248.47990740740744,
      227.35564516129034,
      538.8955752212389
    ],
    "diffuse_radiation": [
      82.5092159559835,
      84.37291666666667,
      86.37284946236558,
      82.1075,
      70.85224014336919,
      70.86240740740739,
      73.590770609319,
      70.95689964157705,
      70.18055555555556,
      77.5356630824373,
      80.82175925925928,
      83.3155017921147,
      84.39874551971324,
      79.34345238095237,
      80.13763440860215,
      77.34953703703704,
      67.62948028673834,
      69.54009259259259,
      71.32491039426523,
      58.576433691756264,
      57.485092592592586,
      69.50716845878135,
      60.54324074074074,
      72.63602150537635,
      69.91783154121865,
      75.90977011494255,
      79.70098566308243,
      71.84055555555554,
      67.56845878136201,
      74.28583333333334,
      73.39193548387098,
      68.10313620071685,
      76.7198148148148,
      80.73655913978494,
      77.0825925925926,
      79.25331541218638,
      82.83969534050178,
      82.18640873015873,
      85.41998207885302,
      74.94240740740742,
      75.62311827956991,
      66.3161111111111,
      71.39059139784948,
      73.79605734767026,
      78.73324074074074,
      73.78378136200716,
      83.85490740740742,
      84.29121863799283,
      85.95098566308243,
      85.6751984126984,
      88.95905017921147,
      83.14407407407407,
      80.97562724014337,
      70.8209259259259,
      77.66478494623655,
      77.32804659498207,
      79.91768518518516,
      86.23512544802867,
      85.98564814814814,
      83.61702508960572,
      87.23261648745519,
      87.65793650793648,
      88.64713261648745,
      76.34685185185184,
      77.60770609318996,
      71.24101851851852,
      73.97329749103942,
      70.24802867383512,
      71.04712962962962,
      60.47222222222222,
      74.16083333333333,
      72.65206093189964,
      82.3078853046595,
      76.82902298850576,
      81.56917562724014,
      74.89,
      73.78351254480286,
      79.8373148148148,
      73.35152329749104,
      80.59740143369176,
      73.4610185185185,
      73.95949820788529,
      35.58938053097345
    ],
    "direct_normal_irradiance": [
      160.5305272810637,
      167.09837301587302,
      165.48505376344093,
      159.03477777777778,
      201.90534050179207,
      197.56275925925922,
      202.84370967741935,
      240.82795698924733,
      262.6203240740741,
      216.36749103942657,
      184.3609166666667,
      151.2026075268817,
      145.12917562724016,
      220.55757936507942,
      213.92692652329748,
      193.74375925925926,
      236.82714157706093,
      182.98703703703706,
      198.72934587813617,
      288.7047670250896,
      304.7896018518519,
      232.63560931899647,
      267.00568518518514,
      201.60207885304652,
      213.95429211469528,
      212.72108237547891,
      188.07705197132609,
      216.8857314814815,
      212.2494354838709,
      149.91548148148146,
      159.01404121863794,
      208.24725806451616,
      181.48270370370375,
      168.70580645161291,
      183.0704351851852,
      158.68559139784946,
      137.8876075268817,
      169.88171626984118,
      157.35202508960575,
      214.07257407407405,
      155.4724283154122,
      212.6895555555555,
      187.22827060931897,
      195.7969444444444,
      148.6909074074074,
      222.97232078853048,
      177.39627777777773,
      159.0439157706093,
      160.04413978494628,
      125.50135912698413,
      176.82532258064515,
      192.10107407407406,
      157.45922939068103,
      217.0361574074074,
      161.6618279569893,
      196.35543010752687,
      213.81058333333337,
      190.74809139784946,
      164.0360925925926,
      168.6974283154122,
      154.36517921146955,
      154.98424603174604,
      174.36446236559138,
      212.77037037037042,
      200.33638888888888,
      189.3568240740741,
      199.55384408602148,
      248.6518906810036,
      251.0152777777778,
      297.3820788530466,
      218.9959722222222,
      227.61555555555552,
      166.13313620071685,
      229.1802969348659,
      214.90231182795702,
      219.5733703703704,
      205.29741039426523,
      150.24561111111112,
      187.62691756272397,
      183.36552867383514,
      242.74792592592593,
      217.4790053763441,
      1289.3713274336285
    ]
  }
}