{
  "prov_name": "BANTEN",
  "num_kab": 8,
  "aggregated": true,
  "data": {
    "time": [
      "2018",
      "2019",
      "2020",
      "2021",
      "2022",
      "2023",
      "2024"
    ],
    "shortwave_radiation": [
      211.08131581959708,
      222.64366438356163,
      200.016379212204,
      203.66705194063925,
      208.97013413242007,
      226.6185644977169,
      221.65594758064515
    ],
    "diffuse_radiation": [
      76.4711681547619,
      72.09911529680366,
      76.10003984517306,
      76.72798230593608,
      82.17591324200913,
      74.06105878995433,
      70.57362231182796
    ],
    "direct_normal_irradiance": [
      192.30400784111703,
      216.12068635844747,
      177.11125483834238,
      180.96270405251133,
      178.96332477168946,
      218.1865396689499,
      222.461129032258
    ]
  }
}