{
  "prov_name": "BANTEN",
  "num_kab": 8,
  "aggregated": true,
  "data": {
    "time": [
      "2018-01",
      "2018-02",
      "2018-03",
      "2018-04",
      "2018-05",
      "2018-06",
      "2018-07",
      "2018-08",
      "2018-09",
      "2018-10",
      "2018-11",
      "2018-12",
      "2019-01",
      "2019-02",
      "2019-03",
      "2019-04",
      "2019-05",
      "2019-06",
      "2019-07",
      "2019-08",
      "2019-09",
      "2019-10",
      "2019-11",
      "2019-12",
      "2020-01",
      "2020-02",
      "2020-03",
      "2020-04",
      "2020-05",
      "2020-06",
      "2020-07",
      "2020-08",
      "2020-09",
      "2020-10",
      "2020-11",
      "2020-12",
      "2021-01",
      "2021-02",
      "2021-03",
      "2021-04",
      "2021-05",
      "2021-06",
      "2021-07",
      "2021-08",
      "2021-09",
      "2021-10",
      "2021-11",
      "2021-12",
      "2022-01",
      "2022-02",
      "2022-03",
      "2022-04",
      "2022-05",
      "2022-06",
      "2022-07",
      "2022-08",
      "2022-09",
      "2022-10",
      "2022-11",
      "2022-12",
      "2023-01",
      "2023-02",
      "2023-03",
      "2023-04",
      "2023-05",
      "2023-06",
      "2023-07",
      "2023-08",
      "2023-09",
      "2023-10",
      "2023-11",
      "2023-12",
      "2024-01",
      "2024-02",
      "2024-03",
      "2024-04",
      "2024-05",
      "2024-06",
      "2024-07",
      "2024-08",
      "2024-09",
      "2024-10",
      "2024-11"
    ],
    "shortwave_radiation": [
      171.8063961485557,
      195.71409970238093,
      214.05930779569894,
      205.74513888888887,
      205.15171370967744,
      196.79999999999998,
      222.59593413978496,
      232.4880712365591,
      243.09635416666666,
      240.96135752688173,
      201.60052083333332,
      200.32157258064512,
      200.0273857526882,
      215.80338541666666,
      203.58702956989248,
      203.07204861111111,
      208.50621639784947,
      214.62118055555555,
      223.83568548387098,
      235.57426075268813,
      258.21180555555554,
      261.01780913978496,
      246.5798611111111,
      201.46908602150535,
      191.3494623655914,
      181.98617097701148,
      196.84324596774195,
      194.44392361111113,
      180.8066196236559,
      197.9753472222222,
      208.07745295698928,
      223.953125,
      240.19166666666666,
      215.8264448924731,
      208.915625,
      161.83366935483872,
      157.16817876344084,
      191.57607886904762,
      212.4022177419355,
      214.7868055555556,
      202.38054435483872,
      177.00347222222223,
      208.3568548387097,
      219.7684811827957,
      226.8875,
      239.50672043010755,
      187.71232638888887,
      205.94657258064518,
      223.11727150537632,
      193.2607886904762,
      216.2412634408602,
      210.60746527777775,
      193.56014784946237,
      186.02690972222223,
      204.95312499999997,
      225.35836693548387,
      231.7487847222222,
      207.38020833333331,
      211.86111111111111,
      200.70262096774192,
      207.59072580645162,
      186.33091517857144,
      216.7284946236559,
      226.5822916666667,
      210.1577620967742,
      200.2861111111111,
      213.2226142473118,
      242.75504032258064,
      265.6611111111111,
      270.19741263440864,
      231.61666666666662,
      246.11559139784944,
      208.53393817204304,
      216.6036278735632,
      215.93346774193546,
      213.38559027777777,
      207.89902553763443,
      206.4309027777778,
      220.74462365591395,
      241.72547043010755,
      254.36666666666667,
      242.13356854838707,
      133.01438053097343
    ],
    "diffuse_radiation": [
      95.8063961485557,
      91.82421874999999,
      85.20782930107526,
      73.590625,
      62.13340053763441,
      58.085416666666674,
      55.63239247311829,
      65.15742607526882,
      71.70052083333333,
      80.12264784946237,
      90.56267361111112,
      90.0878696236559,
      92.0838373655914,
      92.39880952380952,
      89.9942876344086,
      80.04427083333333,
      62.563508064516135,
      53.100520833333334,
      50.455981182795696,
      59.59963037634409,
      62.35069444444445,
      67.66515456989248,
      68.44722222222222,
      87.82022849462366,
      90.83014112903226,
      94.69432471264368,
      86.35131048387096,
      78.22413194444445,
      68.19321236559139,
      56.278125,
      56.60786290322581,
      59.91935483870967,
      68.89357638888889,
      81.81787634408602,
      85.57708333333333,
      86.89129704301075,
      90.81384408602152,
      91.68377976190476,
      84.3195564516129,
      68.61024305555556,
      61.289650537634415,
      63.59947916666667,
      56.313844086021504,
      62.82493279569892,
      71.58211805555555,
      81.95631720430107,
      96.32204861111113,
      92.90087365591397,
      92.47866263440861,
      95.28962053571429,
      88.86290322580645,
      77.14826388888889,
      69.65877016129032,
      67.46475694444445,
      61.72782258064517,
      67.99075940860214,
      77.5859375,
      94.42590725806451,
      97.46128472222222,
      96.84307795698925,
      96.12315188172043,
      99.99832589285714,
      85.17489919354838,
      78.8392361111111,
      64.90389784946237,
      57.01423611111112,
      59.09475806451613,
      59.45547715053763,
      62.67829861111111,
      66.59055779569893,
      83.41354166666667,
      77.84156586021507,
      93.15893817204301,
      93.48724856321839,
      85.69405241935483,
      80.26371527777778,
      61.47916666666667,
      58.036631944444444,
      55.072076612903224,
      60.27234543010753,
      66.20277777777777,
      61.404233870967744,
      5.761061946902656
    ],
    "direct_normal_irradiance": [
      104.53266850068775,
      141.85087425595242,
      173.55902217741937,
      187.7952083333334,
      214.67488239247305,
      215.493142361111,
      256.3381048387097,
      242.5841565860215,
      236.47189236111117,
      219.07105174731174,
      151.61748263888887,
      155.96863239247313,
      150.03902889784942,
      169.09371279761905,
      153.2128528225807,
      170.6511979166667,
      218.82795698924727,
      252.8153819444445,
      267.15413306451615,
      257.44378360215046,
      274.7203645833333,
      267.36523857526873,
      249.81406249999992,
      160.45930779569892,
      141.55902217741937,
      118.75034123563219,
      150.74334677419353,
      165.05998263888887,
      167.50394825268813,
      219.60248263888894,
      230.37908266129025,
      238.95535954301081,
      237.57560763888893,
      182.07587365591394,
      169.54703124999995,
      104.45305779569894,
      90.70668682795699,
      132.73390997023807,
      173.7304267473118,
      209.0437326388889,
      212.36661626344082,
      176.01265625000002,
      233.2130208333333,
      227.25569556451606,
      214.3144965277778,
      214.75692204301086,
      124.11480902777777,
      159.34334677419355,
      180.43850806451607,
      130.04851190476194,
      172.0720262096774,
      187.25715277777783,
      182.74433803763444,
      183.40208333333328,
      218.60171370967743,
      227.51362567204296,
      210.66543402777774,
      150.21900201612902,
      153.44003472222224,
      145.41251680107527,
      154.6075940860215,
      112.5480282738095,
      179.9595262096774,
      207.7937326388889,
      218.64495967741928,
      223.51543402777776,
      235.0184307795699,
      268.80492271505375,
      283.40524305555556,
      280.79578293010763,
      206.47468749999993,
      239.06125672043012,
      160.76510416666662,
      169.19349856321838,
      179.7566364247312,
      188.1073784722222,
      220.13511424731183,
      230.82055555555553,
      254.2574764784947,
      261.8336693548387,
      260.5946701388889,
      247.58459341397855,
      539.9275442477876
    ]
  }
}