{
  "prov_name": "SULAWESI TENGGARA",
  "num_kab": 17,
  "aggregated": true,
  "data": {
    "time": [
      "2018",
      "2019",
      "2020",
      "2021",
      "2022",
      "2023",
      "2024"
    ],
    "shortwave_radiation": [
      211.7863741650506,
      216.50431103948426,
      205.9352432229723,
      203.1077558420629,
      214.43787939833467,
      228.46420897125975,
      219.7050284629981
    ],
    "diffuse_radiation": [
      75.58975705666883,
      73.58822857910289,
      75.17014223722275,
      77.23572387859254,
      79.47504029008864,
      74.3263698630137,
      72.8855154965212
    ],
    "direct_normal_irradiance": [
      197.061825307046,
      208.54779008863824,
      190.1503234490517,
      182.87157601396734,
      194.41317888799358,
      223.0536086489391,
      222.0003336495889
    ]
  }
}