{
  "prov_name": "SULAWESI TENGGARA",
  "num_kab": 17,
  "aggregated": true,
  "data": {
    "time": [
      "2018-01",
      "2018-02",
      "2018-03",
      "2018-04",
      "2018-05",
      "2018-06",
      "2018-07",
      "2018-08",
      "2018-09",
      "2018-10",
      "2018-11",
      "2018-12",
      "2019-01",
      "2019-02",
      "2019-03",
      "2019-04",
      "2019-05",
      "2019-06",
      "2019-07",
      "2019-08",
      "2019-09",
      "2019-10",
      "2019-11",
      "2019-12",
      "2020-01",
      "2020-02",
      "2020-03",
      "2020-04",
      "2020-05",
      "2020-06",
      "2020-07",
      "2020-08",
      "2020-09",
      "2020-10",
      "2020-11",
      "2020-12",
      "2021-01",
      "2021-02",
      "2021-03",
      "2021-04",
      "2021-05",
      "2021-06",
      "2021-07",
      "2021-08",
      "2021-09",
      "2021-10",
      "2021-11",
      "2021-12",
      "2022-01",
      "2022-02",
      "2022-03",
      "2022-04",
      "2022-05",
      "2022-06",
      "2022-07",
      "2022-08",
      "2022-09",
      "2022-10",
      "2022-11",
      "2022-12",
      "2023-01",
      "2023-02",
      "2023-03",
      "2023-04",
      "2023-05",
      "2023-06",
      "2023-07",
      "2023-08",
      "2023-09",
      "2023-10",
      "2023-11",
      "2023-12",
      "2024-01",
      "2024-02",
      "2024-03",
      "2024-04",
      "2024-05",
      "2024-06",
      "2024-07",
      "2024-08",
      "2024-09",
      "2024-10",
      "2024-11"
    ],
    "shortwave_radiation": [
      199.14281090703136,
      210.046831232493,
      213.94141366223909,
      208.87491830065363,
      168.99351676154333,
      175.33978758169934,
      192.13899430740034,
      225.4573055028463,
      251.00424836601312,
      267.7371125869703,
      223.37434640522875,
      207.5833333333333,
      200.80518659076535,
      204.4142156862745,
      202.25616698292222,
      195.31331699346407,
      191.4651328273245,
      181.3438725490196,
      196.89753320683107,
      230.5789848197344,
      252.9371732026144,
      260.05431688804543,
      260.70571895424837,
      221.1230234029096,
      209.21094244149273,
      208.7895537525355,
      201.6170936116382,
      201.3110294117647,
      178.89587286527518,
      171.7191176470588,
      177.92054079696396,
      225.8790322580645,
      224.94362745098042,
      246.19180898165718,
      229.32050653594774,
      196.52577482605943,
      191.132036685642,
      217.87683823529414,
      210.84163504111322,
      222.00147058823524,
      187.90559772296018,
      181.218545751634,
      171.83815623023403,
      191.0414294750158,
      199.88668300653597,
      243.61329854522452,
      209.74035947712417,
      210.4234661606578,
      228.40638836179636,
      221.624649859944,
      215.80463314358002,
      229.88635620915036,
      200.11179633143578,
      173.88913398692807,
      188.25561353573687,
      214.12357685009488,
      235.45833333333334,
      230.57716635041112,
      220.24616013071895,
      217.49588867805187,
      228.03320683111951,
      215.7252275910364,
      227.04269449715372,
      218.60245098039218,
      199.51217583807716,
      194.79281045751637,
      199.92528462998106,
      235.20936116382035,
      262.2549019607843,
      278.17188488298547,
      253.27622549019608,
      227.99691650853893,
      213.16492726122706,
      230.3301217038539,
      211.89326375711576,
      201.4462418300653,
      195.39856103731816,
      196.22818627450977,
      195.9807084123972,
      232.43303289057556,
      252.93431372549026,
      235.16571790006327,
      409.75377407600206
    ],
    "diffuse_radiation": [
      91.59276640504896,
      86.46621148459384,
      84.18327008222644,
      72.0906862745098,
      71.3120651486401,
      70.29812091503268,
      69.6760752688172,
      67.51201771030992,
      68.46004901960785,
      64.34693232131563,
      77.34787581699345,
      86.54862428842506,
      91.68074003795067,
      91.95868347338936,
      89.60396900695761,
      83.3188725490196,
      72.86582858950031,
      66.18153594771242,
      62.97454142947501,
      66.62231182795699,
      63.872712418300644,
      60.99454459203036,
      57.561764705882354,
      76.14112903225805,
      83.02854206198609,
      90.49053414469236,
      85.47549019607844,
      74.11168300653596,
      71.79467109424414,
      67.27467320261438,
      66.53320683111954,
      63.44947817836812,
      69.956454248366,
      66.75648323845667,
      73.89493464052286,
      89.45698924731182,
      87.10839658444023,
      87.56022408963584,
      85.95319418089818,
      70.08292483660131,
      67.65488614800759,
      65.07540849673202,
      71.51968690702085,
      70.85215053763442,
      75.33169934640523,
      71.84558823529412,
      84.31821895424838,
      90.66832700822265,
      86.97406704617329,
      88.93960084033613,
      87.94758064516127,
      74.7577614379085,
      74.01992409867174,
      73.28071895424836,
      71.30747944339025,
      72.20445920303607,
      75.74035947712419,
      80.7112586970272,
      83.78455882352942,
      84.25284629981023,
      90.14761227071472,
      95.96551120448179,
      85.0105945604048,
      81.24379084967322,
      72.24849778621126,
      70.47091503267973,
      65.93801391524352,
      64.92409867172674,
      63.301552287581686,
      57.018342820999365,
      66.61707516339868,
      80.13551549652118,
      91.48355471220745,
      85.06102096010818,
      90.09851359898798,
      84.0187908496732,
      69.5638045540797,
      66.36421568627452,
      69.1056293485136,
      66.68580012650222,
      65.86527777777778,
      55.45003162555344,
      -26.50130140551796
    ],
    "direct_normal_irradiance": [
      156.60923213852251,
      172.8680322128851,
      178.79312934851365,
      197.11779411764707,
      144.7901407337128,
      162.9219199346405,
      187.36111638203664,
      230.60094086021508,
      257.94664215686265,
      285.5101597090448,
      211.44803104575166,
      177.517417773561,
      157.02148165717904,
      159.13662464985993,
      158.2433744465528,
      158.6124346405229,
      178.0999841872233,
      179.3588888888889,
      206.718706514864,
      243.73821157495257,
      268.08758986928103,
      280.23885199240993,
      296.1368627450979,
      214.95748734977863,
      182.91079222011388,
      166.35540906017582,
      161.74566729917774,
      181.13466503267972,
      161.02893738140412,
      162.06654411764708,
      172.2327087286527,
      238.72609108159398,
      218.0571241830065,
      254.0857131562303,
      225.32231209150322,
      159.1682558507274,
      153.61648481973432,
      182.69978991596642,
      173.76450822264385,
      219.329362745098,
      181.8355392156863,
      180.8575081699346,
      152.91840607210628,
      175.41652435167617,
      174.95749999999995,
      241.73959519291589,
      181.88670751633984,
      173.89548545224545,
      199.96537792536375,
      184.6969100140056,
      178.18428209993667,
      220.0012336601307,
      189.56515654648956,
      155.70645424836601,
      178.05067994939913,
      206.2781388361796,
      224.06801470588238,
      209.52802814674257,
      195.857933006536,
      193.25792220113846,
      199.6458412397217,
      162.95064775910365,
      194.68868595825427,
      193.5333578431372,
      191.15754269449715,
      192.36700163398697,
      204.43015496521184,
      250.33397375079062,
      283.06917483660146,
      310.76194655281466,
      271.71166666666664,
      218.29704301075267,
      173.69852150537633,
      202.25353279242734,
      168.2882511068943,
      166.68731209150326,
      188.3698450347881,
      203.1836928104575,
      193.91543327008222,
      244.27818627450984,
      262.75811274509806,
      310.57482605945603,
      882.6297241020303
    ]
  }
}