{
  "prov_name": "SULAWESI SELATAN",
  "num_kab": 24,
  "aggregated": true,
  "data": {
    "time": [
      "2018-01",
      "2018-02",
      "2018-03",
      "2018-04",
      "2018-05",
      "2018-06",
      "2018-07",
      "2018-08",
      "2018-09",
      "2018-10",
      "2018-11",
      "2018-12",
      "2019-01",
      "2019-02",
      "2019-03",
      "2019-04",
      "2019-05",
      "2019-06",
      "2019-07",
      "2019-08",
      "2019-09",
      "2019-10",
      "2019-11",
      "2019-12",
      "2020-01",
      "2020-02",
      "2020-03",
      "2020-04",
      "2020-05",
      "2020-06",
      "2020-07",
      "2020-08",
      "2020-09",
      "2020-10",
      "2020-11",
      "2020-12",
      "2021-01",
      "2021-02",
      "2021-03",
      "2021-04",
      "2021-05",
      "2021-06",
      "2021-07",
      "2021-08",
      "2021-09",
      "2021-10",
      "2021-11",
      "2021-12",
      "2022-01",
      "2022-02",
      "2022-03",
      "2022-04",
      "2022-05",
      "2022-06",
      "2022-07",
      "2022-08",
      "2022-09",
      "2022-10",
      "2022-11",
      "2022-12",
      "2023-01",
      "2023-02",
      "2023-03",
      "2023-04",
      "2023-05",
      "2023-06",
      "2023-07",
      "2023-08",
      "2023-09",
      "2023-10",
      "2023-11",
      "2023-12",
      "2024-01",
      "2024-02",
      "2024-03",
      "2024-04",
      "2024-05",
      "2024-06",
      "2024-07",
      "2024-08",
      "2024-09",
      "2024-10",
      "2024-11"
    ],
    "shortwave_radiation": [
      186.0906694176983,
      193.12208581349205,
      198.62875224014343,
      209.20891203703707,
      183.5462589605735,
      179.48281250000002,
      192.4661178315412,
      228.52189740143373,
      262.1988425925926,
      263.82039650537627,
      221.67540509259257,
      192.6245519713262,
      186.90479390681003,
      205.89205109126985,
      205.60131048387095,
      185.42193287037037,
      202.93727598566306,
      177.67858796296295,
      208.2353830645161,
      237.6220318100358,
      268.62233796296294,
      265.84727822580646,
      255.64878472222222,
      215.692876344086,
      202.97911066308242,
      199.84069683908046,
      203.0602038530466,
      208.7071180555556,
      181.26484094982075,
      187.65347222222226,
      193.22899865591395,
      232.86906362007167,
      240.1788773148148,
      240.84397401433696,
      216.50978009259256,
      176.90893817204304,
      173.71191756272404,
      215.4669518849207,
      204.97031810035844,
      217.75179398148148,
      191.32291666666666,
      194.50023148148148,
      181.21225358422942,
      210.4544130824373,
      212.9056134259259,
      244.87880824372758,
      209.76753472222222,
      192.2146617383512,
      220.4246191756272,
      206.11780753968256,
      220.07235663082437,
      230.72210648148146,
      197.39930555555554,
      197.87546296296298,
      191.2691532258065,
      224.98504704301078,
      245.53055555555557,
      224.51366487455198,
      213.05567129629628,
      200.57493279569894,
      210.7072132616488,
      195.62165178571425,
      217.92837141577058,
      213.21018518518517,
      203.44002016129036,
      196.02534722222222,
      215.07386872759852,
      247.9725022401434,
      274.0116319444444,
      284.42153897849465,
      248.7071759259259,
      229.9368279569893,
      207.18553987455198,
      230.14673132183907,
      217.30213933691758,
      206.9928819444444,
      201.31742831541223,
      196.96105324074074,
      201.13149641577058,
      241.28175403225805,
      264.3421296296296,
      234.9024977598566,
      242.53761061946906
    ],
    "diffuse_radiation": [
      93.5914144887666,
      88.31907242063494,
      85.34027777777777,
      70.56979166666666,
      66.81804435483869,
      66.1929398148148,
      65.18716397849464,
      64.19522849462365,
      63.253530092592605,
      67.51456093189964,
      83.67216435185189,
      89.24019937275985,
      91.50660842293905,
      90.81094990079363,
      87.37992831541216,
      82.8228587962963,
      67.75856854838712,
      62.33229166666666,
      56.9702620967742,
      58.7259744623656,
      56.74537037037036,
      61.48314292114694,
      62.90954861111112,
      81.9310595878136,
      81.1491935483871,
      92.9953903256705,
      83.67999551971326,
      71.57621527777778,
      69.44702060931901,
      60.99809027777777,
      61.45850134408602,
      57.54418682795697,
      66.53101851851854,
      71.03309811827955,
      78.76302083333334,
      89.72020609318996,
      89.91700268817205,
      86.06070188492062,
      84.7911626344086,
      70.81805555555556,
      65.12612007168461,
      60.09160879629629,
      65.09587813620071,
      66.00660842293907,
      72.46678240740742,
      72.80902777777777,
      86.83287037037037,
      89.16717069892472,
      90.94763664874552,
      91.58711557539681,
      86.7135976702509,
      72.23269675925927,
      71.40765008960571,
      64.37181712962963,
      69.02940188172043,
      67.5790770609319,
      73.0886574074074,
      84.33182123655914,
      90.80775462962963,
      83.04345878136199,
      96.59302195340503,
      97.59480406746032,
      87.88816084229391,
      82.24681712962963,
      71.4622535842294,
      67.45295138888889,
      61.89756944444445,
      58.66319444444445,
      57.41215277777778,
      57.32314068100357,
      72.86834490740742,
      83.09106182795699,
      91.61738351254479,
      86.04885057471266,
      89.64588933691756,
      78.70711805555555,
      67.50638440860216,
      66.77702546296295,
      65.87292786738352,
      61.46757392473117,
      63.60225694444444,
      62.81171594982077,
      103.18620943952801
    ],
    "direct_normal_irradiance": [
      130.48124140302616,
      143.0015190972222,
      152.8703237007169,
      197.8362673611111,
      174.5221830197133,
      175.54579282407408,
      194.7276657706093,
      238.95378584229388,
      278.2760011574075,
      272.61179995519717,
      192.34098379629629,
      147.3772457437276,
      134.03780241935485,
      158.72270585317463,
      161.84579973118278,
      145.1766550925926,
      202.52102374551964,
      179.55563078703702,
      231.75659162186378,
      262.38405017921156,
      297.8443402777778,
      283.57614247311824,
      276.26356481481486,
      192.082627688172,
      172.66647625448033,
      143.80010775862067,
      161.70223454301075,
      193.38318287037032,
      166.83428539426524,
      195.91251736111101,
      200.8286514336917,
      254.9101646505376,
      241.11011574074078,
      233.15547715053756,
      194.80416666666667,
      125.7276097670251,
      117.29676299283155,
      177.23926711309528,
      164.16438172043007,
      209.92751157407406,
      189.65754928315414,
      207.9412094907407,
      178.7324204749104,
      207.7352766577061,
      194.90038194444438,
      235.9089885752688,
      172.2871701388889,
      146.9207325268817,
      181.32910506272404,
      155.41253100198412,
      181.3652273745519,
      223.70255787037036,
      188.49979278673837,
      205.59063657407407,
      186.41414650537635,
      227.37298387096772,
      238.8974247685185,
      191.3657930107527,
      170.91185185185188,
      167.95070004480291,
      160.3871863799283,
      131.4604662698413,
      175.9555835573477,
      182.64499421296296,
      196.64246751792118,
      199.43864004629629,
      232.61266241039422,
      276.36488575268805,
      303.66466435185185,
      316.26971326164875,
      249.90971643518517,
      211.05907258064508,
      161.3840557795699,
      198.60350814176243,
      174.43742159498206,
      180.4981770833333,
      201.3230566756272,
      202.56857060185186,
      205.4497815860215,
      261.95281137992833,
      279.8850752314815,
      239.60822692652332,
      305.2434734513275
    ]
  }
}