{
  "prov_name": "SULAWESI SELATAN",
  "num_kab": 24,
  "aggregated": true,
  "data": {
    "time": [
      "2018",
      "2019",
      "2020",
      "2021",
      "2022",
      "2023",
      "2024"
    ],
    "shortwave_radiation": [
      209.1642818986569,
      218.15453291476408,
      206.86715429568915,
      204.09208999238967,
      214.11893074581425,
      228.30995528919325,
      220.76742831541222
    ],
    "diffuse_radiation": [
      75.07192937271061,
      71.71204337899545,
      73.6873482088646,
      75.71028824200913,
      78.7230593607306,
      74.41590563165906,
      73.92207101254479
    ],
    "direct_normal_irradiance": [
      191.80507621718553,
      210.83689307458135,
      190.33075620446274,
      183.660304414003,
      193.0286853120243,
      220.23930270167423,
      212.3089684139785
    ]
  }
}