{
  "prov_name": "MALUKU UTARA",
  "num_kab": 10,
  "aggregated": true,
  "data": {
    "time": [
      "2018",
      "2019",
      "2020",
      "2021",
      "2022",
      "2023",
      "2024"
    ],
    "shortwave_radiation": [
      210.6510302197802,
      223.69140410958903,
      205.83858151183972,
      202.41660958904112,
      208.44673515981737,
      223.3949200913242,
      216.77627688172038
    ],
    "diffuse_radiation": [
      78.64860347985348,
      71.83730593607307,
      74.6279713114754,
      77.80034246575342,
      81.29133561643836,
      75.82132420091324,
      81.14267473118281
    ],
    "direct_normal_irradiance": [
      187.95468177655675,
      218.42488812785376,
      188.63521288706767,
      178.0763698630136,
      180.91299657534236,
      211.05201255707772,
      196.3997379032259
    ]
  }
}