{
  "prov_name": "MALUKU UTARA",
  "num_kab": 10,
  "aggregated": true,
  "data": {
    "time": [
      "2018-01",
      "2018-02",
      "2018-03",
      "2018-04",
      "2018-05",
      "2018-06",
      "2018-07",
      "2018-08",
      "2018-09",
      "2018-10",
      "2018-11",
      "2018-12",
      "2019-01",
      "2019-02",
      "2019-03",
      "2019-04",
      "2019-05",
      "2019-06",
      "2019-07",
      "2019-08",
      "2019-09",
      "2019-10",
      "2019-11",
      "2019-12",
      "2020-01",
      "2020-02",
      "2020-03",
      "2020-04",
      "2020-05",
      "2020-06",
      "2020-07",
      "2020-08",
      "2020-09",
      "2020-10",
      "2020-11",
      "2020-12",
      "2021-01",
      "2021-02",
      "2021-03",
      "2021-04",
      "2021-05",
      "2021-06",
      "2021-07",
      "2021-08",
      "2021-09",
      "2021-10",
      "2021-11",
      "2021-12",
      "2022-01",
      "2022-02",
      "2022-03",
      "2022-04",
      "2022-05",
      "2022-06",
      "2022-07",
      "2022-08",
      "2022-09",
      "2022-10",
      "2022-11",
      "2022-12",
      "2023-01",
      "2023-02",
      "2023-03",
      "2023-04",
      "2023-05",
      "2023-06",
      "2023-07",
      "2023-08",
      "2023-09",
      "2023-10",
      "2023-11",
      "2023-12",
      "2024-01",
      "2024-02",
      "2024-03",
      "2024-04",
      "2024-05",
      "2024-06",
      "2024-07",
      "2024-08",
      "2024-09",
      "2024-10",
      "2024-11"
    ],
    "shortwave_radiation": [
      193.9781292984869,
      219.72559523809528,
      215.76263440860217,
      195.97333333333336,
      209.33830645161294,
      193.39916666666667,
      195.84596774193545,
      218.79368279569889,
      247.90499999999997,
      231.03844086021505,
      215.08819444444447,
      195.3537634408602,
      199.42956989247313,
      238.428125,
      237.93682795698925,
      214.16902777777779,
      222.90228494623656,
      183.28430555555556,
      194.3625,
      234.21209677419355,
      253.46125,
      227.87943548387096,
      255.40124999999998,
      225.16196236559136,
      229.74932795698928,
      237.80043103448276,
      218.36021505376343,
      216.82874999999999,
      213.4369623655914,
      175.98263888888886,
      176.142876344086,
      201.17325268817203,
      197.65763888888887,
      206.00470430107526,
      201.60736111111112,
      195.67217741935485,
      184.98360215053765,
      201.99107142857142,
      205.36129032258063,
      233.47444444444446,
      188.56142473118283,
      197.94097222222226,
      180.5424731182796,
      194.62701612903226,
      190.48819444444445,
      232.9162634408602,
      216.6255555555556,
      200.2938172043011,
      209.4967741935484,
      200.47038690476194,
      218.88884408602152,
      219.02722222222224,
      194.11962365591398,
      216.26833333333335,
      175.0186827956989,
      202.78655913978494,
      230.2302777777778,
      231.71491935483874,
      207.7840277777778,
      198.13172043010755,
      204.94663978494617,
      202.65104166666669,
      230.62150537634406,
      232.93138888888888,
      217.87029569892474,
      194.7158333333333,
      205.02755376344084,
      231.28319892473118,
      227.60513888888892,
      259.1516129032258,
      238.5509722222222,
      233.99032258064517,
      211.53454301075266,
      246.10201149425288,
      238.9655913978495,
      221.685,
      199.83857526881724,
      175.63972222222225,
      193.59529569892473,
      194.60698924731182,
      235.7988888888889,
      228.5041666666667,
      341.07256637168143
    ],
    "diffuse_radiation": [
      87.30550206327374,
      84.40416666666667,
      85.78602150537634,
      83.67402777777777,
      67.7423387096774,
      70.7911111111111,
      73.75134408602152,
      73.78790322580645,
      73.97208333333333,
      78.15080645161291,
      82.44041666666666,
      84.02123655913978,
      82.55040322580645,
      78.74598214285714,
      80.87836021505377,
      79.78527777777778,
      68.74556451612904,
      67.98152777777777,
      70.94395161290323,
      65.5388440860215,
      65.0613888888889,
      74.41639784946236,
      57.93027777777777,
      69.02580645161291,
      68.07069892473119,
      74.77040229885057,
      80.82970430107528,
      72.70902777777778,
      64.04717741935485,
      74.00263888888888,
      72.5840053763441,
      71.9866935483871,
      78.36527777777776,
      80.44287634408602,
      79.14722222222221,
      79.01424731182796,
      81.88225806451614,
      86.51964285714286,
      82.96424731182796,
      71.27555555555556,
      74.22419354838709,
      68.11625000000001,
      70.62043010752689,
      76.28521505376345,
      81.81055555555554,
      75.422311827957,
      80.095,
      85.52190860215055,
      86.65201612903226,
      89.11369047619047,
      87.49905913978495,
      84.18736111111113,
      77.59784946236559,
      65.23333333333332,
      76.87190860215054,
      79.87956989247313,
      80.49069444444444,
      80.20013440860215,
      84.03277777777777,
      83.79677419354837,
      88.60819892473118,
      90.23154761904762,
      82.72849462365592,
      76.74333333333331,
      73.27876344086022,
      70.34694444444445,
      69.7108870967742,
      72.92647849462365,
      78.69458333333334,
      66.97728494623655,
      70.69236111111111,
      69.60591397849461,
      82.2005376344086,
      76.44741379310345,
      81.75913978494624,
      79.06694444444443,
      75.97809139784945,
      79.28875000000001,
      75.66787634408601,
      84.68279569892472,
      75.82083333333333,
      81.94220430107525,
      193.95840707964604
    ],
    "direct_normal_irradiance": [
      155.5045804676754,
      190.33517857142857,
      177.20657258064512,
      156.50766666666667,
      205.13747311827962,
      182.51111111111112,
      179.65704301075272,
      205.1128494623656,
      239.6425555555556,
      213.68512096774194,
      191.1544722222222,
      161.71208333333334,
      171.61268817204308,
      227.1183482142857,
      217.5750940860215,
      188.38552777777775,
      224.1836559139786,
      172.90843055555553,
      181.0970430107527,
      240.2700537634408,
      263.12726388888876,
      214.4672043010753,
      290.1439444444444,
      233.74798387096772,
      241.23158602150542,
      232.95004310344834,
      191.66658602150542,
      203.35387499999996,
      218.23223118279572,
      152.54023611111108,
      152.41157258064516,
      182.4412768817204,
      163.58893055555558,
      174.80004032258063,
      176.81886111111112,
      173.4830107526882,
      151.24970430107527,
      162.3369047619048,
      170.22446236559136,
      226.48704166666667,
      164.68395161290323,
      195.71629166666665,
      159.68732526881723,
      169.6330376344086,
      149.68619444444448,
      219.49888440860212,
      197.51193055555558,
      167.00102150537634,
      177.9575134408602,
      154.12452380952388,
      181.00294354838712,
      186.6945833333333,
      169.1750806451613,
      225.94566666666665,
      142.6316935483871,
      175.08334677419353,
      205.48658333333327,
      209.93807795698922,
      178.2739305555555,
      167.50860215053763,
      169.5356720430108,
      156.37293154761906,
      203.40918010752688,
      219.28600000000006,
      208.8089650537635,
      183.28850000000003,
      196.38009408602153,
      224.76961021505377,
      204.0552083333333,
      270.2109543010753,
      245.43045833333335,
      247.5812231182796,
      188.74541666666664,
      240.54788793103438,
      217.05280913978496,
      198.69604166666664,
      177.666935483871,
      142.6149027777778,
      171.30081989247316,
      156.86317204301074,
      220.99552777777777,
      204.6672043010753,
      478.42566371681426
    ]
  }
}