{
  "prov_name": "SUMATERA SELATAN",
  "num_kab": 17,
  "aggregated": true,
  "data": {
    "time": [
      "2018-01",
      "2018-02",
      "2018-03",
      "2018-04",
      "2018-05",
      "2018-06",
      "2018-07",
      "2018-08",
      "2018-09",
      "2018-10",
      "2018-11",
      "2018-12",
      "2019-01",
      "2019-02",
      "2019-03",
      "2019-04",
      "2019-05",
      "2019-06",
      "2019-07",
      "2019-08",
      "2019-09",
      "2019-10",
      "2019-11",
      "2019-12",
      "2020-01",
      "2020-02",
      "2020-03",
      "2020-04",
      "2020-05",
      "2020-06",
      "2020-07",
      "2020-08",
      "2020-09",
      "2020-10",
      "2020-11",
      "2020-12",
      "2021-01",
      "2021-02",
      "2021-03",
      "2021-04",
      "2021-05",
      "2021-06",
      "2021-07",
      "2021-08",
      "2021-09",
      "2021-10",
      "2021-11",
      "2021-12",
      "2022-01",
      "2022-02",
      "2022-03",
      "2022-04",
      "2022-05",
      "2022-06",
      "2022-07",
      "2022-08",
      "2022-09",
      "2022-10",
      "2022-11",
      "2022-12",
      "2023-01",
      "2023-02",
      "2023-03",
      "2023-04",
      "2023-05",
      "2023-06",
      "2023-07",
      "2023-08",
      "2023-09",
      "2023-10",
      "2023-11",
      "2023-12",
      "2024-01",
      "2024-02",
      "2024-03",
      "2024-04",
      "2024-05",
      "2024-06",
      "2024-07",
      "2024-08",
      "2024-09",
      "2024-10",
      "2024-11"
    ],
    "shortwave_radiation": [
      208.08965126628365,
      185.93294817927173,
      184.35452245414294,
      193.41633986928105,
      185.40607210626183,
      179.06699346405227,
      209.1549652118912,
      204.65994623655914,
      222.09746732026147,
      214.39302656546494,
      187.81952614379085,
      193.84471853257432,
      200.7936432637571,
      193.156862745098,
      209.58167299177737,
      193.72875816993465,
      195.56388361796328,
      181.88856209150322,
      206.86029411764704,
      225.3728652751423,
      245.21977124183007,
      241.40338393421885,
      231.9955882352941,
      189.98489879822898,
      193.75260910815936,
      199.30079445571332,
      204.16002530044278,
      193.23553921568626,
      177.53565781151173,
      178.64885620915032,
      187.33040796963948,
      215.96070524984185,
      202.44052287581707,
      184.5827008222644,
      191.4959150326797,
      183.8783997469956,
      168.13069259962055,
      198.5170693277311,
      200.77126818469324,
      210.99493464052293,
      193.96133776091085,
      196.20375816993467,
      205.1181214421252,
      189.21070524984188,
      200.25138888888893,
      222.96007273877294,
      204.42009803921573,
      197.03202087286525,
      210.5237191650854,
      222.31932773109241,
      231.83238456672993,
      223.52377450980393,
      208.7300759013283,
      189.91535947712418,
      194.85562934851365,
      208.592504743833,
      203.9731209150327,
      194.59716951296647,
      202.112091503268,
      204.62302340290955,
      201.43247944339024,
      218.90003501400562,
      211.5430107526882,
      220.34910130718953,
      206.98742884250473,
      199.62622549019605,
      200.5567678684377,
      233.86598671726756,
      245.8125,
      259.0736875395319,
      221.99191176470586,
      214.69473434535107,
      193.88591081593927,
      203.31828938471938,
      219.69694813409234,
      206.40620915032682,
      198.38045540796963,
      199.34166666666667,
      221.5037160025301,
      232.05376344086022,
      228.97802287581703,
      214.7863693864643,
      50.78917230609058
    ],
    "diffuse_radiation": [
      97.99732988105836,
      89.71437324929971,
      88.5118595825427,
      80.80857843137255,
      70.93263757115749,
      71.16446078431373,
      66.26438962681847,
      77.65219797596457,
      86.56086601307186,
      89.14697975964579,
      93.1483660130719,
      93.06759962049337,
      94.97975964579379,
      96.45640756302521,
      91.2027988614801,
      87.50596405228758,
      73.91081593927893,
      69.67687908496731,
      62.623576850094864,
      70.0810404807084,
      76.01380718954249,
      77.66761543327009,
      75.52508169934639,
      89.59582542694498,
      90.05732131562301,
      90.29149763353617,
      87.20825426944971,
      81.17834967320262,
      76.5615907653384,
      66.40702614379086,
      70.11907020872866,
      69.93413978494623,
      80.7871732026144,
      89.79704301075269,
      89.54812091503267,
      91.10215053763442,
      94.90852308665404,
      93.21297268907563,
      90.75735294117646,
      77.25514705882354,
      70.17575901328274,
      62.914705882352926,
      61.673387096774206,
      74.75980392156862,
      85.09125816993466,
      90.98608475648325,
      94.08749999999999,
      96.47991777356103,
      96.92038266919671,
      95.47907913165265,
      88.13717583807718,
      81.05563725490197,
      70.93769765970904,
      70.16062091503267,
      73.16176470588233,
      78.45880771663504,
      90.73341503267976,
      100.6694339025933,
      98.40939542483662,
      96.22288108791905,
      99.39294750158128,
      99.0233718487395,
      95.26612903225805,
      83.37589869281047,
      73.6325110689437,
      67.26462418300653,
      69.95777988614799,
      68.91026249209362,
      77.56838235294116,
      75.36740986717268,
      83.36879084967322,
      90.21782099936752,
      93.00964579380138,
      97.64181879648409,
      86.85649905123338,
      83.97777777777776,
      70.96829538266921,
      67.85555555555554,
      61.74320050600886,
      70.59448134092347,
      83.66062091503267,
      71.89745414294751,
      18.712129099427383
    ],
    "direct_normal_irradiance": [
      149.89771017072576,
      128.55005252100838,
      124.66563092979125,
      154.93762254901958,
      165.40898165717894,
      162.46772058823532,
      212.80787476280838,
      177.50079063883624,
      180.52249183006532,
      164.76801075268818,
      127.30614379084967,
      139.68093769765977,
      145.42406704617338,
      128.27303046218486,
      156.88772928526248,
      142.756454248366,
      178.04921726755214,
      169.78842320261433,
      217.64142947501583,
      219.62749841872233,
      228.73008169934639,
      220.78414769133465,
      218.79254084967323,
      141.5837998102467,
      142.90387413029728,
      146.95253549695744,
      156.16094244149272,
      151.7488970588235,
      145.52628874130298,
      169.60930555555558,
      172.96092662871598,
      205.31899114484506,
      162.5371486928105,
      124.09161132194814,
      140.82255718954252,
      130.23809297912715,
      100.80596141682481,
      141.00217086834732,
      145.81495098039215,
      185.55491013071898,
      178.86064990512338,
      199.44531045751637,
      213.44705882352943,
      159.62820999367486,
      153.28464052287583,
      172.48514389626817,
      149.48910130718954,
      137.25369228336493,
      157.1399984187223,
      170.52176995798317,
      191.37426470588233,
      193.8605473856209,
      197.6975173940544,
      175.421454248366,
      178.38942125237187,
      179.3658127767236,
      147.12769607843134,
      118.41854838709678,
      137.74534313725488,
      150.00673624288422,
      140.24848197343454,
      158.3925595238095,
      155.78146742567992,
      183.2816094771242,
      190.86524351676158,
      197.1315522875817,
      191.2050126502214,
      232.27471537001895,
      226.54671568627458,
      247.03825110689442,
      191.1097875816993,
      175.2601280834914,
      138.3224383301708,
      141.8156862745098,
      177.6286369386464,
      166.24873366013068,
      184.1492172675522,
      193.4545179738561,
      236.86136938646428,
      226.48268500948765,
      191.87339869281047,
      191.09645003162552,
      44.52280062467465
    ]
  }
}