{
  "prov_name": "SUMATERA SELATAN",
  "num_kab": 17,
  "aggregated": true,
  "data": {
    "time": [
      "2018",
      "2019",
      "2020",
      "2021",
      "2022",
      "2023",
      "2024"
    ],
    "shortwave_radiation": [
      197.25614765136825,
      209.74955009401017,
      192.60314207650273,
      198.99157265645982,
      207.8192250872952,
      219.55498254096156,
      209.69466318785578
    ],
    "diffuse_radiation": [
      83.57414889032535,
      80.34099516518937,
      81.92723400835743,
      82.59446682782702,
      86.66242277733011,
      81.84495702390545,
      77.91126660341558
    ],
    "direct_normal_irradiance": [
      157.53109513035986,
      181.04707762557084,
      153.96565078217085,
      161.61607373086227,
      166.32191780821907,
      190.9388839645446,
      183.1097999683745
    ]
  }
}