{
  "prov_name": "JAWA TENGAH",
  "num_kab": 35,
  "aggregated": true,
  "data": {
    "time": [
      "2018-01",
      "2018-02",
      "2018-03",
      "2018-04",
      "2018-05",
      "2018-06",
      "2018-07",
      "2018-08",
      "2018-09",
      "2018-10",
      "2018-11",
      "2018-12",
      "2019-01",
      "2019-02",
      "2019-03",
      "2019-04",
      "2019-05",
      "2019-06",
      "2019-07",
      "2019-08",
      "2019-09",
      "2019-10",
      "2019-11",
      "2019-12",
      "2020-01",
      "2020-02",
      "2020-03",
      "2020-04",
      "2020-05",
      "2020-06",
      "2020-07",
      "2020-08",
      "2020-09",
      "2020-10",
      "2020-11",
      "2020-12",
      "2021-01",
      "2021-02",
      "2021-03",
      "2021-04",
      "2021-05",
      "2021-06",
      "2021-07",
      "2021-08",
      "2021-09",
      "2021-10",
      "2021-11",
      "2021-12",
      "2022-01",
      "2022-02",
      "2022-03",
      "2022-04",
      "2022-05",
      "2022-06",
      "2022-07",
      "2022-08",
      "2022-09",
      "2022-10",
      "2022-11",
      "2022-12",
      "2023-01",
      "2023-02",
      "2023-03",
      "2023-04",
      "2023-05",
      "2023-06",
      "2023-07",
      "2023-08",
      "2023-09",
      "2023-10",
      "2023-11",
      "2023-12",
      "2024-01",
      "2024-02",
      "2024-03",
      "2024-04",
      "2024-05",
      "2024-06",
      "2024-07",
      "2024-08",
      "2024-09",
      "2024-10",
      "2024-11"
    ],
    "shortwave_radiation": [
      173.40581646688938,
      183.2942602040817,
      212.39493087557605,
      219.84242063492061,
      219.59976958525343,
      209.64484126984124,
      225.52465437788018,
      233.14934715821815,
      237.88960317460317,
      245.94558371735792,
      200.54738095238096,
      179.02972350230417,
      179.93548387096774,
      199.04472789115644,
      186.8089477726575,
      209.13146825396825,
      221.29884792626729,
      222.0769444444444,
      225.8167434715822,
      240.17860983102915,
      262.0802380952381,
      255.7558755760369,
      231.1081349206349,
      194.65192012288793,
      192.6279185867896,
      176.72077175697868,
      198.39880952380955,
      202.79706349206344,
      197.64719662058374,
      204.6016666666666,
      216.9838325652841,
      229.5657450076805,
      242.0628174603174,
      204.9453917050691,
      201.36261904761903,
      163.9602534562212,
      156.16885560675888,
      166.2270408163265,
      201.39139784946232,
      221.10531746031745,
      210.80879416282644,
      194.4710714285714,
      222.37016129032253,
      226.4444316436252,
      226.4275,
      231.13748079877115,
      183.1961904761905,
      187.6434715821812,
      197.73364055299535,
      187.16887755102042,
      209.20069124423958,
      214.84071428571428,
      200.5554147465438,
      200.14158730158726,
      217.3829493087557,
      227.77949308755763,
      234.15587301587308,
      194.721044546851,
      185.29988095238093,
      188.24231950844853,
      199.35284178187402,
      172.7587585034014,
      217.62557603686633,
      216.94480158730155,
      221.5228110599078,
      214.26063492063497,
      218.93402457757296,
      243.53709677419346,
      264.1267063492064,
      262.2182411674346,
      229.62793650793645,
      228.69078341013824,
      194.65867895545315,
      209.68345648604267,
      214.67688172043006,
      213.3028571428572,
      221.70391705069125,
      215.78920634920635,
      221.91528417818736,
      241.81597542242707,
      250.25603174603177,
      249.14788786482333,
      315.1044247787611
    ],
    "diffuse_radiation": [
      88.19080369424248,
      82.07440476190477,
      77.45222734254993,
      68.4136507936508,
      60.02515360983103,
      60.56757936507937,
      58.56854838709677,
      64.23045314900152,
      69.46964285714287,
      73.29566052227342,
      82.10857142857144,
      85.00552995391708,
      84.71885560675881,
      84.07406462585035,
      85.3432411674347,
      76.51218253968253,
      60.14754224270354,
      54.042658730158735,
      53.237096774193546,
      58.07964669738865,
      58.091388888888886,
      64.06048387096773,
      66.72035714285714,
      79.63529185867894,
      78.38751920122891,
      83.991091954023,
      82.36294162826424,
      73.1788888888889,
      64.28198924731184,
      55.471865079365074,
      55.048348694316445,
      58.67611367127496,
      63.65876984126986,
      77.23878648233487,
      77.85051587301587,
      81.35249615975422,
      85.8276113671275,
      84.70573979591838,
      83.78049155145929,
      66.09599206349206,
      58.771543778801856,
      60.170039682539674,
      54.00641321044548,
      59.74412442396315,
      69.2831746031746,
      77.41889400921657,
      86.32281746031747,
      85.92361751152073,
      85.77288786482335,
      88.73218537414965,
      83.8229262672811,
      72.10861111111112,
      67.74992319508446,
      64.6976984126984,
      59.87016129032259,
      64.56363287250383,
      73.43079365079365,
      89.57012288786481,
      88.24567460317462,
      82.96455453149002,
      87.93582949308755,
      90.29906462585035,
      77.94592933947771,
      75.5672619047619,
      61.05195852534563,
      57.3284126984127,
      58.722887864823356,
      59.57707373271889,
      60.698928571428574,
      63.10687403993853,
      77.17071428571425,
      75.47964669738863,
      87.17219662058373,
      82.63464696223316,
      79.33774961597543,
      74.08904761904759,
      60.154493087557604,
      56.65226190476191,
      56.4763440860215,
      60.574231950844826,
      63.87361111111112,
      72.51324884792628,
      63.73628318584073
    ],
    "direct_normal_irradiance": [
      119.9294714089212,
      140.56802295918365,
      186.53944700460826,
      216.9654603174603,
      240.7882642089094,
      232.62355952380955,
      257.4384562211981,
      247.5184639016897,
      234.5157182539683,
      238.15331029185867,
      166.21946031746032,
      133.7108678955453,
      136.04283026113671,
      161.27196428571432,
      139.33474654377875,
      187.6885277777778,
      243.58603302611368,
      263.61827380952377,
      267.2175115207373,
      266.93746543778803,
      285.94117063492064,
      266.2329800307219,
      233.35576587301588,
      164.68076420890938,
      163.15711213517667,
      129.2672249589491,
      160.74540706605222,
      185.98848015873017,
      200.92148617511523,
      233.85184920634924,
      249.52203917050687,
      250.11386328725035,
      250.06864682539683,
      176.17385560675882,
      172.50305555555562,
      119.33200076804914,
      100.92167818740401,
      113.97513180272105,
      163.1819239631336,
      223.10788492063492,
      230.47557603686633,
      209.0229682539683,
      260.2135829493088,
      243.74000768049154,
      218.965130952381,
      211.65478878648233,
      135.16096428571427,
      144.0660215053763,
      159.0960867895545,
      136.27764455782312,
      170.99542242703532,
      203.3295753968254,
      198.73854454685105,
      208.62211507936513,
      241.7113325652841,
      238.05983486943165,
      223.3641746031746,
      143.62524577572967,
      135.27585714285718,
      152.48589477726577,
      158.22612519201232,
      114.88204506802721,
      193.90409370199689,
      199.04431746031742,
      242.49703917050692,
      245.1090277777777,
      246.24377112135173,
      269.8896774193548,
      286.47083730158715,
      276.10417050691245,
      215.8907658730159,
      220.27949308755765,
      154.56264976958528,
      176.889302134647,
      188.06990399385555,
      196.40654761904761,
      245.95197388632863,
      249.0745952380952,
      255.19218509984645,
      265.13359062980027,
      261.41349206349196,
      241.89385944700453,
      657.2788369152975
    ]
  }
}