{
  "prov_name": "JAWA TENGAH",
  "num_kab": 35,
  "aggregated": true,
  "data": {
    "time": [
      "2018",
      "2019",
      "2020",
      "2021",
      "2022",
      "2023",
      "2024"
    ],
    "shortwave_radiation": [
      211.82441130298275,
      219.13980756686237,
      202.58977036169657,
      202.3649217221135,
      205.02114481409004,
      224.31691780821913,
      225.0409331797235
    ],
    "diffuse_radiation": [
      72.26030873888017,
      68.68545335942596,
      70.89507546187875,
      72.60883235485976,
      76.6897716894977,
      70.31772667971298,
      69.30674731182795
    ],
    "direct_normal_irradiance": [
      201.77444106488744,
      218.29952315720814,
      191.02198510278427,
      188.1457058056098,
      184.83856849315083,
      222.83350913242,
      230.49507987711218
    ]
  }
}