{
  "prov_name": "BALI",
  "num_kab": 9,
  "aggregated": true,
  "data": {
    "time": [
      "2018-01",
      "2018-02",
      "2018-03",
      "2018-04",
      "2018-05",
      "2018-06",
      "2018-07",
      "2018-08",
      "2018-09",
      "2018-10",
      "2018-11",
      "2018-12",
      "2019-01",
      "2019-02",
      "2019-03",
      "2019-04",
      "2019-05",
      "2019-06",
      "2019-07",
      "2019-08",
      "2019-09",
      "2019-10",
      "2019-11",
      "2019-12",
      "2020-01",
      "2020-02",
      "2020-03",
      "2020-04",
      "2020-05",
      "2020-06",
      "2020-07",
      "2020-08",
      "2020-09",
      "2020-10",
      "2020-11",
      "2020-12",
      "2021-01",
      "2021-02",
      "2021-03",
      "2021-04",
      "2021-05",
      "2021-06",
      "2021-07",
      "2021-08",
      "2021-09",
      "2021-10",
      "2021-11",
      "2021-12",
      "2022-01",
      "2022-02",
      "2022-03",
      "2022-04",
      "2022-05",
      "2022-06",
      "2022-07",
      "2022-08",
      "2022-09",
      "2022-10",
      "2022-11",
      "2022-12",
      "2023-01",
      "2023-02",
      "2023-03",
      "2023-04",
      "2023-05",
      "2023-06",
      "2023-07",
      "2023-08",
      "2023-09",
      "2023-10",
      "2023-11",
      "2023-12",
      "2024-01",
      "2024-02",
      "2024-03",
      "2024-04",
      "2024-05",
      "2024-06",
      "2024-07",
      "2024-08",
      "2024-09",
      "2024-10",
      "2024-11"
    ],
    "shortwave_radiation": [
      174.40103927861838,
      216.28621031746033,
      235.91248506571083,
      238.07638888888889,
      214.61111111111111,
      191.27777777777771,
      200.01911589008364,
      219.7970430107527,
      253.63734567901236,
      262.631421744325,
      229.8089506172839,
      205.76120071684585,
      206.79256272401435,
      233.62020502645498,
      211.51986260454,
      219.0074074074074,
      216.4780465949821,
      200.08302469135802,
      211.1950418160096,
      227.05137395459977,
      252.4891975308642,
      273.80928912783753,
      263.65030864197536,
      235.9177120669056,
      236.28808243727593,
      221.10153256704982,
      221.5215053763441,
      223.36651234567898,
      203.80376344086022,
      197.88827160493827,
      201.66263440860214,
      222.88515531660693,
      244.49675925925925,
      231.3790322580645,
      226.42098765432098,
      195.73864994026286,
      177.92114695340504,
      205.97718253968253,
      221.8358721624851,
      235.0003086419753,
      218.461917562724,
      198.45231481481483,
      211.73372162485066,
      214.13172043010752,
      220.63287037037037,
      249.0821385902031,
      200.47268518518518,
      225.68428912783756,
      214.02628434886503,
      218.9165013227513,
      235.67174432497015,
      232.94598765432096,
      208.42084826762246,
      197.26111111111112,
      206.49477299880527,
      225.45355436081243,
      239.39212962962964,
      217.46684587813618,
      207.33333333333337,
      218.6621863799283,
      226.79271206690566,
      201.07291666666666,
      240.33990442054957,
      216.04845679012348,
      223.6575567502987,
      213.6114197530864,
      206.24283154121864,
      239.54241338112308,
      259.8598765432099,
      272.790770609319,
      255.47499999999997,
      245.89814814814815,
      225.09781959378734,
      231.5817369093231,
      221.79032258064518,
      212.34783950617282,
      218.06630824372758,
      199.4101851851852,
      210.73790322580646,
      234.38888888888894,
      260.40246913580245,
      289.002688172043,
      417.3480825958702
    ],
    "diffuse_radiation": [
      97.87161852361304,
      85.54993386243387,
      74.51418757467144,
      61.173456790123446,
      56.29002389486261,
      60.20771604938271,
      61.55704898446834,
      65.07631421744324,
      66.93919753086419,
      69.47804659498208,
      82.78070987654323,
      90.96191756272403,
      90.75686977299881,
      84.49801587301586,
      85.16158900836321,
      73.20478395061728,
      58.09916367980884,
      57.58070987654321,
      54.72192353643966,
      61.79988052568697,
      64.01790123456789,
      60.74596774193549,
      64.30848765432098,
      75.09318996415772,
      78.33363201911588,
      84.76165389527459,
      81.04525089605734,
      67.01728395061728,
      58.60767622461171,
      53.947685185185186,
      55.74537037037037,
      60.245370370370374,
      64.03302469135802,
      75.12037037037038,
      76.45956790123456,
      87.61559139784946,
      92.82676224611708,
      90.55902777777777,
      82.73088410991637,
      60.52006172839506,
      53.142025089605745,
      53.70802469135802,
      54.22879330943848,
      61.25851254480287,
      71.6740740740741,
      76.21236559139784,
      93.17685185185185,
      88.33542413381122,
      95.9193548387097,
      91.83498677248679,
      85.10528673835125,
      66.58287037037037,
      62.516577060931894,
      60.504629629629626,
      60.81272401433691,
      65.36842891278374,
      73.12067901234568,
      90.25238948626045,
      94.44197530864197,
      84.39695340501791,
      90.69235364396656,
      97.91765873015873,
      76.9186081242533,
      78.68101851851851,
      57.66890681003585,
      52.25740740740741,
      60.06541218637993,
      60.24805854241338,
      64.07839506172839,
      64.08049581839904,
      75.70925925925927,
      79.46117084826761,
      91.00477897252091,
      88.904533844189,
      84.03046594982078,
      77.10277777777779,
      56.385155316606934,
      57.625154320987654,
      59.066308243727605,
      61.99327956989248,
      62.08935185185185,
      76.66233572281959,
      50.186823992133746
    ],
    "direct_normal_irradiance": [
      104.91911966987618,
      179.0316302910053,
      222.5671893667861,
      256.56072530864196,
      241.08218339307055,
      208.01311728395058,
      214.97628434886497,
      225.47117682198333,
      258.75066358024685,
      263.7226403823178,
      202.09302469135798,
      157.2905017921147,
      160.0650238948626,
      204.04169973544973,
      170.2422491039426,
      210.4447067901235,
      242.95642174432498,
      226.9218518518518,
      245.27368578255675,
      243.1417264038231,
      262.76686728395066,
      291.7636200716846,
      277.72225308641976,
      226.33094384707292,
      219.2422640382317,
      186.62520753512132,
      193.5683542413381,
      226.32737654320994,
      221.92662783751499,
      230.17157407407402,
      229.53569295101553,
      240.47283452807648,
      252.73330246913585,
      213.8861111111111,
      208.23825617283947,
      149.31675627240145,
      114.82689665471919,
      155.40248015873016,
      189.42235663082437,
      254.74973765432094,
      255.50807945041808,
      231.4580092592592,
      247.62874850657104,
      225.02586618876944,
      207.70100308641975,
      236.23761947431296,
      147.82617283950614,
      190.30692951015533,
      161.99099462365598,
      172.1044973544973,
      205.36763739545995,
      240.56043209876538,
      224.6530615292712,
      217.34992283950615,
      227.96105137395458,
      234.45918458781364,
      230.3093672839506,
      171.3794354838709,
      155.35799382716044,
      188.66783154121862,
      187.5556152927121,
      136.68124999999998,
      225.38682795698926,
      196.8607716049383,
      255.37444743130223,
      256.1522530864197,
      226.9463112305854,
      263.7804808841099,
      272.64242283950614,
      289.3105734767025,
      251.22631172839505,
      235.98930704898444,
      188.40200119474315,
      195.99412515964235,
      188.79756571087216,
      193.4176388888889,
      247.61839904420543,
      225.43543209876538,
      236.27807646356035,
      252.4527927120669,
      275.76637345679006,
      544.3463410991636,
      2019.6621435594886
    ]
  }
}