{
  "prov_name": "BALI",
  "num_kab": 9,
  "aggregated": true,
  "data": {
    "time": [
      "2018",
      "2019",
      "2020",
      "2021",
      "2022",
      "2023",
      "2024"
    ],
    "shortwave_radiation": [
      219.99324633699635,
      229.28815322171488,
      218.70660038453755,
      215.09086757990863,
      218.49507864028413,
      233.68146879756466,
      233.41284348864994
    ],
    "diffuse_radiation": [
      72.45966880341881,
      69.10882800608827,
      70.25447783849424,
      73.00225773718925,
      77.529299847793,
      71.30215626585489,
      71.2778524492234
    ],
    "direct_normal_irradiance": [
      211.37660383597876,
      230.2360388127854,
      214.1506261384335,
      205.18051877219708,
      202.64849315068489,
      233.8248871131406,
      282.3132153524491
    ]
  }
}