{
  "prov_name": "JAMBI",
  "num_kab": 11,
  "aggregated": true,
  "data": {
    "time": [
      "2018",
      "2019",
      "2020",
      "2021",
      "2022",
      "2023",
      "2024"
    ],
    "shortwave_radiation": [
      189.21013361638362,
      199.77691988376918,
      190.15056300712038,
      194.38287671232877,
      205.61226650062264,
      209.12756330427564,
      209.0540200391007
    ],
    "diffuse_radiation": [
      86.00244547119547,
      82.61129099211291,
      82.339760307998,
      83.18893731838936,
      86.7727895392279,
      85.56799501867995,
      81.14055474095795
    ],
    "direct_normal_irradiance": [
      144.67518939393946,
      164.98720215857205,
      152.25888909587678,
      156.6790660024906,
      165.49584889995856,
      172.56925176421737,
      184.3408944281525
    ]
  }
}