{
  "prov_name": "JAMBI",
  "num_kab": 11,
  "aggregated": true,
  "data": {
    "time": [
      "2018-01",
      "2018-02",
      "2018-03",
      "2018-04",
      "2018-05",
      "2018-06",
      "2018-07",
      "2018-08",
      "2018-09",
      "2018-10",
      "2018-11",
      "2018-12",
      "2019-01",
      "2019-02",
      "2019-03",
      "2019-04",
      "2019-05",
      "2019-06",
      "2019-07",
      "2019-08",
      "2019-09",
      "2019-10",
      "2019-11",
      "2019-12",
      "2020-01",
      "2020-02",
      "2020-03",
      "2020-04",
      "2020-05",
      "2020-06",
      "2020-07",
      "2020-08",
      "2020-09",
      "2020-10",
      "2020-11",
      "2020-12",
      "2021-01",
      "2021-02",
      "2021-03",
      "2021-04",
      "2021-05",
      "2021-06",
      "2021-07",
      "2021-08",
      "2021-09",
      "2021-10",
      "2021-11",
      "2021-12",
      "2022-01",
      "2022-02",
      "2022-03",
      "2022-04",
      "2022-05",
      "2022-06",
      "2022-07",
      "2022-08",
      "2022-09",
      "2022-10",
      "2022-11",
      "2022-12",
      "2023-01",
      "2023-02",
      "2023-03",
      "2023-04",
      "2023-05",
      "2023-06",
      "2023-07",
      "2023-08",
      "2023-09",
      "2023-10",
      "2023-11",
      "2023-12",
      "2024-01",
      "2024-02",
      "2024-03",
      "2024-04",
      "2024-05",
      "2024-06",
      "2024-07",
      "2024-08",
      "2024-09",
      "2024-10",
      "2024-11"
    ],
    "shortwave_radiation": [
      192.52557208953357,
      181.34253246753246,
      184.8690127077224,
      191.3361111111111,
      177.4208211143695,
      185.28712121212124,
      201.9265640273705,
      201.08895405669594,
      207.50164141414143,
      189.905303030303,
      177.50126262626262,
      182.0058651026393,
      189.87121212121212,
      185.61742424242422,
      209.00794232649076,
      193.5915404040404,
      195.08284457478004,
      175.64545454545453,
      205.76087487781035,
      214.9411045943304,
      234.91376262626264,
      217.96871945259042,
      206.1675505050505,
      167.2357038123167,
      185.5619501466276,
      200.50117554858934,
      208.3743890518084,
      190.68434343434345,
      180.04178885630498,
      180.93358585858587,
      182.41715542521993,
      214.61351417399808,
      187.8738636363636,
      185.42106549364615,
      176.53295454545454,
      188.40017106549365,
      159.36033724340174,
      209.21130952380955,
      198.2702834799609,
      201.45416666666668,
      186.33247800586506,
      198.40492424242422,
      202.63172043010755,
      179.1295210166178,
      190.6594696969697,
      214.24535679374392,
      204.1921717171717,
      190.74963343108504,
      207.21077712609974,
      213.08468614718615,
      233.50635386119257,
      218.6935606060606,
      213.16153470185728,
      197.15404040404044,
      203.81207233626586,
      207.8291788856305,
      199.80959595959595,
      185.2532991202346,
      196.05353535353535,
      193.2060117302053,
      186.03677908113394,
      209.66896645021643,
      214.41092375366563,
      215.02209595959596,
      205.40127077223852,
      196.57512626262624,
      199.15542521994132,
      213.9982893450635,
      233.21893939393934,
      236.4075024437928,
      209.37714646464647,
      189.1780303030303,
      188.90884652981424,
      194.8846656217346,
      217.9619990224829,
      206.27916666666667,
      200.13709677419354,
      197.91199494949495,
      222.42204301075265,
      220.89357282502445,
      219.90391414141413,
      212.71798631476048,
      251.2107803700724
    ],
    "diffuse_radiation": [
      93.68050518944605,
      87.9636093073593,
      89.71212121212122,
      85.86477272727274,
      77.86962365591398,
      78.04343434343436,
      76.20173509286413,
      82.74841153470186,
      89.56452020202019,
      90.78519061583577,
      90.81073232323233,
      90.01564027370479,
      90.38892961876832,
      93.78449675324677,
      88.54814271749756,
      90.25189393939394,
      82.32771260997066,
      79.2864898989899,
      69.66043499511242,
      75.86278103616813,
      77.9810606060606,
      81.81341642228739,
      77.7868686868687,
      84.41483382209188,
      86.51564027370479,
      87.31622257053291,
      84.6695992179863,
      85.12613636363636,
      80.90970185728249,
      72.61073232323234,
      75.6466275659824,
      74.96309872922777,
      81.72133838383839,
      88.08675464320625,
      86.8641414141414,
      83.98460410557185,
      88.72201857282502,
      86.88555194805195,
      87.20894428152492,
      83.3013888888889,
      77.5823558162268,
      71.74608585858586,
      71.37695503421311,
      83.386119257087,
      83.9320707070707,
      89.14662756598241,
      86.25050505050505,
      89.03103616813294,
      88.53677908113391,
      91.23755411255411,
      83.77993646138806,
      86.34116161616161,
      77.20442326490712,
      77.83194444444445,
      77.54081133919844,
      83.87781036168133,
      93.83813131313133,
      97.04374389051809,
      93.07651515151515,
      91.24816715542522,
      95.0826001955034,
      96.10186688311688,
      91.2322825024438,
      90.71818181818182,
      81.21603128054741,
      78.02121212121212,
      79.32881231671554,
      81.20100195503422,
      82.42815656565656,
      81.32086999022484,
      83.37462121212121,
      87.98802541544477,
      89.09298631476052,
      94.61650992685476,
      87.45540078201367,
      87.99595959595959,
      80.74975562072335,
      76.60378787878788,
      70.09640762463344,
      80.3344330400782,
      86.0864898989899,
      75.36571358748778,
      -31.43925985518906
    ],
    "direct_normal_irradiance": [
      141.48550706514942,
      129.723795995671,
      127.42931329423267,
      143.79477272727274,
      140.12673509286412,
      157.4482196969697,
      182.08994379276635,
      165.05712365591398,
      158.23287878787886,
      134.41858504398826,
      124.25786616161616,
      133.38327223851417,
      143.43378543499512,
      126.51957521645018,
      163.05558406647117,
      139.9508333333333,
      160.71482160312806,
      139.66744949494952,
      200.2020894428152,
      195.18357771260992,
      212.894292929293,
      187.74832600195506,
      185.0357196969697,
      121.81720430107525,
      144.18847751710655,
      157.90977011494252,
      168.38862414467255,
      144.1257828282828,
      140.84811827956986,
      158.934696969697,
      154.5497311827957,
      193.72818914956008,
      142.77183080808084,
      133.33340664711633,
      130.02589646464648,
      157.01008064516128,
      104.52096774193552,
      170.67418831168828,
      149.493963831867,
      162.7169696969697,
      154.4210166177908,
      185.44733585858586,
      189.94473362658843,
      132.01771749755625,
      142.36431818181816,
      170.20860215053764,
      169.9265151515152,
      150.55202834799607,
      171.40966520039103,
      166.06410984848486,
      203.00398338220913,
      180.7617045454545,
      192.3617546432062,
      169.75074494949493,
      181.60397116324532,
      169.3301075268817,
      139.582196969697,
      118.04365835777126,
      144.97595959595958,
      150.04180107526878,
      130.16717986314762,
      154.812757034632,
      167.75526637341156,
      166.22462121212118,
      174.36252443792765,
      170.55359848484844,
      170.93152492668625,
      184.2291544477028,
      204.35275252525253,
      213.27871456500486,
      180.91531565656567,
      149.6055351906158,
      142.89198435972628,
      137.56635318704286,
      178.30587732160313,
      157.9778156565656,
      167.50095307917886,
      174.42592171717163,
      220.605669599218,
      195.2539222873901,
      179.19375000000002,
      181.39755620723355,
      869.8665325824616
    ]
  }
}