{
  "prov_name": "ACEH",
  "num_kab": 23,
  "aggregated": true,
  "data": {
    "time": [
      "2018",
      "2019",
      "2020",
      "2021",
      "2022",
      "2023",
      "2024"
    ],
    "shortwave_radiation": [
      194.13522754419492,
      202.85131030375223,
      196.464555119981,
      197.1358695652174,
      198.39323506055197,
      204.8022136192178,
      208.65089995324925
    ],
    "diffuse_radiation": [
      84.79308508520465,
      81.27769009330952,
      79.84797952799556,
      80.16087452848919,
      85.4845890410959,
      85.10108695652174,
      80.30988779803646
    ],
    "direct_normal_irradiance": [
      152.87725304586726,
      170.82495781218987,
      163.50429585412215,
      164.62234713122888,
      157.51474687313876,
      167.82658576533643,
      179.2178132304816
    ]
  }
}