{
  "prov_name": "KEPULAUAN RIAU",
  "num_kab": 7,
  "aggregated": true,
  "data": {
    "time": [
      "2018-01",
      "2018-02",
      "2018-03",
      "2018-04",
      "2018-05",
      "2018-06",
      "2018-07",
      "2018-08",
      "2018-09",
      "2018-10",
      "2018-11",
      "2018-12",
      "2019-01",
      "2019-02",
      "2019-03",
      "2019-04",
      "2019-05",
      "2019-06",
      "2019-07",
      "2019-08",
      "2019-09",
      "2019-10",
      "2019-11",
      "2019-12",
      "2020-01",
      "2020-02",
      "2020-03",
      "2020-04",
      "2020-05",
      "2020-06",
      "2020-07",
      "2020-08",
      "2020-09",
      "2020-10",
      "2020-11",
      "2020-12",
      "2021-01",
      "2021-02",
      "2021-03",
      "2021-04",
      "2021-05",
      "2021-06",
      "2021-07",
      "2021-08",
      "2021-09",
      "2021-10",
      "2021-11",
      "2021-12",
      "2022-01",
      "2022-02",
      "2022-03",
      "2022-04",
      "2022-05",
      "2022-06",
      "2022-07",
      "2022-08",
      "2022-09",
      "2022-10",
      "2022-11",
      "2022-12",
      "2023-01",
      "2023-02",
      "2023-03",
      "2023-04",
      "2023-05",
      "2023-06",
      "2023-07",
      "2023-08",
      "2023-09",
      "2023-10",
      "2023-11",
      "2023-12",
      "2024-01",
      "2024-02",
      "2024-03",
      "2024-04",
      "2024-05",
      "2024-06",
      "2024-07",
      "2024-08",
      "2024-09",
      "2024-10",
      "2024-11"
    ],
    "shortwave_radiation": [
      182.36962075063863,
      238.20025510204079,
      232.4902073732719,
      226.83075396825396,
      201.19758064516125,
      191.1468253968254,
      211.87749615975423,
      224.3208525345622,
      221.35,
      200.1081029185868,
      176.72480158730158,
      188.98214285714286,
      215.1806835637481,
      243.3261054421769,
      247.83717357910908,
      217.16071428571428,
      214.73156682027653,
      182.93650793650792,
      218.7413594470046,
      229.5600998463902,
      240.23670634920634,
      212.6278801843318,
      203.3263888888889,
      182.81470814132103,
      219.52649769585256,
      235.6233579638752,
      245.3851766513057,
      216.33611111111108,
      194.62730414746542,
      173.30833333333337,
      187.1703149001536,
      207.09274193548387,
      177.91210317460315,
      186.76420890937018,
      176.96904761904761,
      192.66724270353302,
      173.34005376344086,
      250.6843112244898,
      231.87768817204304,
      233.38650793650794,
      195.96697388632876,
      200.19900793650797,
      205.27880184331798,
      184.15783410138246,
      208.24007936507937,
      211.51958525345623,
      199.93472222222223,
      193.9771505376344,
      233.1175115207373,
      218.26445578231295,
      252.86616743471583,
      242.46646825396826,
      230.79857910906298,
      194.76805555555558,
      211.73041474654377,
      210.01939324116748,
      200.46210317460321,
      183.3479262672811,
      199.70634920634922,
      192.54166666666669,
      189.64400921658986,
      223.24000850340138,
      234.2557603686636,
      241.59821428571428,
      225.855222734255,
      221.00833333333335,
      206.69527649769586,
      237.60253456221199,
      233.79444444444445,
      243.75057603686642,
      201.40654761904761,
      196.1248079877112,
      190.5071044546851,
      248.0552134646962,
      257.2507680491551,
      236.27956349206352,
      206.70526113671278,
      200.71825396825398,
      224.9942396313364,
      211.15092165898614,
      222.815873015873,
      191.31029185867894,
      97.74589127686474
    ],
    "diffuse_radiation": [
      87.37905285910787,
      84.62840136054422,
      85.82123655913976,
      82.61845238095238,
      80.92857142857143,
      79.48928571428573,
      78.16551459293396,
      80.55088325652842,
      90.29365079365077,
      90.30145929339479,
      92.08015873015873,
      89.69815668202764,
      88.1476574500768,
      80.88924319727892,
      78.911866359447,
      82.38809523809525,
      80.24174347158218,
      79.07083333333333,
      70.29051459293395,
      75.75192012288787,
      78.75059523809523,
      87.12096774193549,
      80.2125,
      82.85887096774194,
      78.36981566820278,
      78.45443349753694,
      76.68356374807988,
      80.23095238095239,
      79.31662826420892,
      74.8093253968254,
      76.16666666666667,
      81.58467741935485,
      84.91250000000001,
      89.17204301075267,
      83.3654761904762,
      80.69969278033794,
      88.10176651305684,
      81.97534013605443,
      79.77611367127496,
      73.33075396825396,
      76.26440092165899,
      73.90436507936508,
      74.40994623655914,
      83.3592549923195,
      80.54662698412699,
      87.9418202764977,
      85.65416666666667,
      86.4546850998464,
      80.67665130568356,
      87.01700680272108,
      76.38460061443932,
      76.44821428571429,
      73.37269585253456,
      78.90615079365081,
      77.90418586789555,
      83.82891705069123,
      97.89027777777778,
      97.46370967741937,
      89.66964285714286,
      90.68759600614439,
      88.58909370199693,
      90.19281462585033,
      79.50614439324117,
      77.44960317460318,
      74.24615975422428,
      70.59265873015873,
      75.65706605222734,
      75.0455069124424,
      85.87480158730159,
      81.32776497695852,
      86.95257936507937,
      89.67953149001535,
      89.21063748079878,
      79.22290640394088,
      78.46774193548387,
      77.64761904761905,
      78.74731182795699,
      74.93412698412699,
      71.50249615975422,
      89.29550691244239,
      90.19464285714285,
      74.24481566820278,
      -265.34513274336285
    ],
    "direct_normal_irradiance": [
      136.91096482609552,
      216.98480017006796,
      202.42350230414743,
      201.80196428571426,
      172.9610215053764,
      164.6986309523809,
      192.87265745007682,
      199.56056067588332,
      177.19878968253968,
      150.89020737327186,
      125.65642857142855,
      149.1604838709677,
      186.9573732718894,
      229.840518707483,
      234.77240783410133,
      188.34628968253972,
      194.98713517665132,
      151.89212301587298,
      215.95798771121358,
      214.01046466973887,
      219.00238095238095,
      172.7217549923195,
      181.17954365079365,
      151.6511712749616,
      208.70600998463905,
      221.8634441707718,
      234.4610023041474,
      191.46920634920636,
      166.6588901689708,
      144.53172619047623,
      161.15691244239633,
      175.84299155145936,
      124.4021428571428,
      135.16695468509982,
      138.36916666666664,
      168.5331221198157,
      123.37814900153606,
      237.79583333333326,
      211.79243471582186,
      225.0949603174603,
      172.6541666666667,
      188.50327380952376,
      189.14397081413208,
      141.31013824884795,
      173.55521825396832,
      170.42830261136714,
      167.76966269841267,
      162.1682987711213,
      223.4958717357911,
      184.60057397959184,
      245.52478878648236,
      232.71726190476193,
      226.41687788018433,
      168.40797619047615,
      193.5756720430108,
      174.9291474654378,
      138.28773809523807,
      117.63389016897081,
      160.51607142857148,
      151.59151305683568,
      148.3328917050691,
      185.62085459183677,
      212.46996927803386,
      229.14093253968258,
      217.1791666666667,
      221.62246031746034,
      188.12709293394778,
      225.12526881720427,
      199.8006349206349,
      222.55762288786482,
      165.74444444444438,
      159.53826804915508,
      147.8436251920123,
      237.57692939244663,
      245.52574884792628,
      221.038373015873,
      184.59038018433185,
      185.10472222222225,
      220.91094470046076,
      168.55336021505377,
      179.44515873015877,
      203.2857718894009,
      733.6227560050569
    ]
  }
}