{
  "prov_name": "KEPULAUAN RIAU",
  "num_kab": 7,
  "aggregated": true,
  "data": {
    "time": [
      "2018",
      "2019",
      "2020",
      "2021",
      "2022",
      "2023",
      "2024"
    ],
    "shortwave_radiation": [
      207.54632718472,
      217.30037508153947,
      201.2873243559719,
      206.8991519895629,
      214.0841976516634,
      221.26800391389435,
      217.07828341013825
    ],
    "diffuse_radiation": [
      85.09752747252749,
      80.37423352902805,
      80.3231850117096,
      80.95313111545988,
      84.13997064579256,
      81.19880952380952,
      75.23304531490014
    ],
    "direct_normal_irradiance": [
      173.76198325484046,
      195.04633887801694,
      172.85339903721055,
      179.6622488584474,
      184.79101272015671,
      198.0621917808218,
      207.28883064516134
    ]
  }
}