{
  "prov_name": "BENGKULU",
  "num_kab": 10,
  "aggregated": true,
  "data": {
    "time": [
      "2018-01",
      "2018-02",
      "2018-03",
      "2018-04",
      "2018-05",
      "2018-06",
      "2018-07",
      "2018-08",
      "2018-09",
      "2018-10",
      "2018-11",
      "2018-12",
      "2019-01",
      "2019-02",
      "2019-03",
      "2019-04",
      "2019-05",
      "2019-06",
      "2019-07",
      "2019-08",
      "2019-09",
      "2019-10",
      "2019-11",
      "2019-12",
      "2020-01",
      "2020-02",
      "2020-03",
      "2020-04",
      "2020-05",
      "2020-06",
      "2020-07",
      "2020-08",
      "2020-09",
      "2020-10",
      "2020-11",
      "2020-12",
      "2021-01",
      "2021-02",
      "2021-03",
      "2021-04",
      "2021-05",
      "2021-06",
      "2021-07",
      "2021-08",
      "2021-09",
      "2021-10",
      "2021-11",
      "2021-12",
      "2022-01",
      "2022-02",
      "2022-03",
      "2022-04",
      "2022-05",
      "2022-06",
      "2022-07",
      "2022-08",
      "2022-09",
      "2022-10",
      "2022-11",
      "2022-12",
      "2023-01",
      "2023-02",
      "2023-03",
      "2023-04",
      "2023-05",
      "2023-06",
      "2023-07",
      "2023-08",
      "2023-09",
      "2023-10",
      "2023-11",
      "2023-12",
      "2024-01",
      "2024-02",
      "2024-03",
      "2024-04",
      "2024-05",
      "2024-06",
      "2024-07",
      "2024-08",
      "2024-09",
      "2024-10",
      "2024-11"
    ],
    "shortwave_radiation": [
      201.1896836313618,
      204.08839285714288,
      193.73575268817203,
      190.62652777777777,
      184.57405913978496,
      185.95819444444447,
      193.0192204301075,
      184.1086021505376,
      213.6176388888889,
      190.77674731182796,
      169.22458333333333,
      178.59932795698924,
      201.1274193548387,
      197.7575892857143,
      206.94892473118279,
      198.56652777777776,
      204.55120967741937,
      183.04708333333332,
      208.6712365591398,
      208.10725806451615,
      238.86749999999998,
      224.4887096774193,
      224.4188888888889,
      180.19193548387094,
      188.0819892473118,
      198.50718390804596,
      197.40981182795701,
      187.63805555555558,
      181.109811827957,
      183.35708333333332,
      197.029435483871,
      222.27768817204304,
      202.25097222222223,
      173.15524193548384,
      180.9897222222222,
      185.09233870967742,
      183.32056451612902,
      221.83363095238096,
      195.10336021505378,
      202.85541666666668,
      181.55981182795702,
      191.0040277777778,
      199.87002688172043,
      184.98736559139783,
      197.5858333333333,
      201.13387096774193,
      203.2175,
      200.8271505376344,
      211.51989247311826,
      224.77083333333334,
      239.73776881720428,
      216.93194444444438,
      208.23239247311827,
      177.88708333333335,
      193.7122311827957,
      197.77217741935485,
      196.16000000000003,
      178.3399193548387,
      180.59902777777776,
      195.745564516129,
      191.13508064516128,
      218.33288690476192,
      211.80067204301076,
      216.31972222222225,
      207.9870967741935,
      185.93486111111113,
      193.48467741935485,
      213.82755376344085,
      236.6973611111111,
      240.44059139784946,
      197.68305555555557,
      208.4201612903226,
      192.67755376344087,
      201.02485632183908,
      213.11370967741937,
      197.38736111111112,
      185.8915322580645,
      190.59,
      217.202688172043,
      224.81787634408602,
      226.6240277777778,
      221.4854838709677,
      61.03274336283185
    ],
    "diffuse_radiation": [
      97.35667125171939,
      83.51636904761905,
      84.94637096774194,
      78.14597222222221,
      68.48897849462365,
      68.06833333333333,
      68.46303763440861,
      78.47782258064515,
      87.92625,
      91.39489247311828,
      87.44999999999999,
      87.94462365591399,
      85.55766129032259,
      90.29672619047619,
      86.93145161290322,
      79.92319444444445,
      66.38951612903226,
      67.96597222222223,
      59.19502688172042,
      73.5641129032258,
      77.82208333333332,
      82.76787634408602,
      78.1238888888889,
      82.99475806451613,
      85.27325268817205,
      84.40330459770115,
      83.7619623655914,
      79.03791666666667,
      74.61263440860215,
      61.44236111111111,
      65.40215053763441,
      64.75201612903226,
      76.09124999999999,
      89.40241935483871,
      85.27138888888888,
      82.10228494623657,
      93.44422043010753,
      83.53110119047619,
      84.60470430107526,
      76.00083333333333,
      69.77217741935483,
      62.92055555555555,
      61.51881720430107,
      71.96451612903226,
      81.42097222222222,
      92.07163978494623,
      92.9988888888889,
      90.8616935483871,
      92.07177419354839,
      92.98258928571428,
      80.2725806451613,
      79.90527777777777,
      69.08172043010754,
      70.27833333333334,
      71.30981182795699,
      78.13790322580645,
      88.97638888888888,
      98.23279569892473,
      93.15944444444443,
      88.74301075268816,
      97.92553763440858,
      94.66979166666667,
      89.45483870967743,
      84.13666666666667,
      68.5760752688172,
      70.28763888888889,
      71.03346774193548,
      74.94327956989248,
      79.55277777777778,
      80.94717741935486,
      90.49263888888888,
      86.99166666666667,
      86.1709677419355,
      92.6044540229885,
      84.59475806451613,
      81.3476388888889,
      75.09153225806452,
      69.47652777777778,
      63.0635752688172,
      71.86465053763442,
      81.4648611111111,
      59.660483870967745,
      -196.42831858407078
    ],
    "direct_normal_irradiance": [
      143.377689133425,
      163.16770833333334,
      142.59520161290317,
      154.6170694444445,
      168.9831317204301,
      175.01155555555553,
      185.13830645161295,
      146.2695564516129,
      167.3963194444445,
      131.48610215053765,
      112.26859722222227,
      126.9044623655914,
      160.09418010752688,
      143.71327380952383,
      159.33166666666668,
      161.04861111111114,
      199.68850806451618,
      170.54890277777778,
      222.23107526881716,
      189.85849462365596,
      218.0564027777778,
      190.59168010752686,
      205.5152083333333,
      138.88318548387096,
      141.65337365591398,
      153.84883620689658,
      152.15102150537638,
      148.12161111111106,
      152.28432795698924,
      183.8888472222222,
      192.74918010752685,
      220.08487903225804,
      169.3047083333333,
      110.23505376344085,
      132.08908333333335,
      144.44377688172045,
      122.53120967741935,
      185.43456845238094,
      145.80751344086022,
      174.06716666666665,
      161.33536290322576,
      191.06119444444448,
      203.86331989247316,
      155.82725806451614,
      154.4176111111111,
      145.6312634408602,
      150.01122222222222,
      153.96037634408606,
      164.17590053763448,
      178.02584821428567,
      214.0891397849462,
      188.9790416666667,
      200.94620967741935,
      160.28149999999994,
      178.50254032258061,
      166.85327956989246,
      141.57901388888888,
      104.1991935483871,
      117.67354166666667,
      151.09537634408602,
      127.66065860215053,
      164.23854166666666,
      163.29979838709673,
      178.26881944444443,
      200.29396505376343,
      173.1549861111111,
      177.810188172043,
      195.5596505376344,
      211.92805555555555,
      214.4082123655914,
      150.52411111111107,
      174.0609005376344,
      147.27282258064514,
      146.7542672413793,
      174.4863844086022,
      160.83281944444443,
      160.37798387096774,
      180.011875,
      229.53818548387102,
      215.5407123655914,
      194.97429166666666,
      320.1602016129033,
      955.8016814159291
    ]
  }
}