{
  "prov_name": "BENGKULU",
  "num_kab": 10,
  "aggregated": true,
  "data": {
    "time": [
      "2018",
      "2019",
      "2020",
      "2021",
      "2022",
      "2023",
      "2024"
    ],
    "shortwave_radiation": [
      190.58070054945057,
      206.2758219178082,
      191.34691484517305,
      196.86883561643836,
      201.58119863013698,
      210.1270776255708,
      205.18366935483874
    ],
    "diffuse_radiation": [
      81.73150183150183,
      77.54940639269407,
      77.6208674863388,
      80.05618721461187,
      83.54683789954338,
      82.32765981735159,
      72.38049731182797
    ],
    "direct_normal_irradiance": [
      151.3264056776556,
      179.96137328767122,
      158.37116347905294,
      161.99309703196352,
      163.68086301369868,
      177.7026221461187,
      205.2462970430109
    ]
  }
}