{
  "prov_name": "NUSA TENGGARA TIMUR",
  "num_kab": 22,
  "aggregated": true,
  "data": {
    "time": [
      "2018",
      "2019",
      "2020",
      "2021",
      "2022",
      "2023",
      "2024"
    ],
    "shortwave_radiation": [
      225.87318931068933,
      234.93481216272312,
      225.95437468951812,
      219.0104348277293,
      227.11899647156497,
      236.59418845994188,
      234.756610459433
    ],
    "diffuse_radiation": [
      69.41536068098567,
      64.34070153590703,
      66.68476258486506,
      69.0744499792445,
      70.96957762557076,
      68.17183478621835,
      63.30932306940371
    ],
    "direct_normal_irradiance": [
      229.78026348651363,
      250.84469281859685,
      234.61825012419257,
      221.47667444997924,
      229.12714819427154,
      247.53173671648,
      257.71430779569897
    ]
  }
}