{
  "prov_name": "NUSA TENGGARA TIMUR",
  "num_kab": 22,
  "aggregated": true,
  "data": {
    "time": [
      "2018-01",
      "2018-02",
      "2018-03",
      "2018-04",
      "2018-05",
      "2018-06",
      "2018-07",
      "2018-08",
      "2018-09",
      "2018-10",
      "2018-11",
      "2018-12",
      "2019-01",
      "2019-02",
      "2019-03",
      "2019-04",
      "2019-05",
      "2019-06",
      "2019-07",
      "2019-08",
      "2019-09",
      "2019-10",
      "2019-11",
      "2019-12",
      "2020-01",
      "2020-02",
      "2020-03",
      "2020-04",
      "2020-05",
      "2020-06",
      "2020-07",
      "2020-08",
      "2020-09",
      "2020-10",
      "2020-11",
      "2020-12",
      "2021-01",
      "2021-02",
      "2021-03",
      "2021-04",
      "2021-05",
      "2021-06",
      "2021-07",
      "2021-08",
      "2021-09",
      "2021-10",
      "2021-11",
      "2021-12",
      "2022-01",
      "2022-02",
      "2022-03",
      "2022-04",
      "2022-05",
      "2022-06",
      "2022-07",
      "2022-08",
      "2022-09",
      "2022-10",
      "2022-11",
      "2022-12",
      "2023-01",
      "2023-02",
      "2023-03",
      "2023-04",
      "2023-05",
      "2023-06",
      "2023-07",
      "2023-08",
      "2023-09",
      "2023-10",
      "2023-11",
      "2023-12",
      "2024-01",
      "2024-02",
      "2024-03",
      "2024-04",
      "2024-05",
      "2024-06",
      "2024-07",
      "2024-08",
      "2024-09",
      "2024-10",
      "2024-11"
    ],
    "shortwave_radiation": [
      170.24665499562335,
      226.2642045454546,
      231.65408113391987,
      242.69463383838385,
      214.25091642228745,
      206.01237373737376,
      214.26588465298138,
      221.22574535679377,
      265.98358585858585,
      277.07667399804495,
      228.97910353535352,
      213.82526881720432,
      191.06237781036168,
      230.17613636363637,
      207.6160190615835,
      225.36672979797976,
      218.77743157380255,
      210.22575757575757,
      226.2573313782991,
      243.47434017595307,
      269.24861111111113,
      284.82978983382213,
      271.1094065656565,
      242.02162756598236,
      216.49639540566966,
      213.89877220480668,
      220.9409824046921,
      229.38945707070707,
      198.01001955034215,
      203.83080808080805,
      220.65065982404687,
      243.9318792766373,
      263.2486742424242,
      252.55211388074295,
      253.9835858585858,
      196.6064882697947,
      174.2645405669599,
      192.49519751082252,
      210.8442082111437,
      222.19753787878793,
      218.61443059628547,
      200.1233585858586,
      221.61608015640275,
      236.814027370479,
      243.53244949494947,
      262.3965664711632,
      224.64444444444445,
      218.39125122189637,
      214.2617302052786,
      208.420183982684,
      232.88776881720432,
      248.3555555555555,
      221.24352394916912,
      196.054356060606,
      212.22183528836752,
      238.94397605083088,
      256.3830808080809,
      243.83651026392963,
      223.22771464646465,
      227.49657869012708,
      230.09707966764415,
      193.0842803030303,
      235.16898826979468,
      220.45479797979803,
      224.55920087976546,
      213.28762626262625,
      206.5414833822092,
      246.4401270772238,
      274.16887626262627,
      286.53396871945256,
      265.1722853535354,
      241.92057673509288,
      229.3781769305963,
      233.1343390804598,
      211.62768817204298,
      219.38832070707065,
      223.30009775171064,
      205.14829545454543,
      212.51173020527858,
      247.55626832844573,
      263.8234848484849,
      275.4241813294233,
      375.85679806918745
    ],
    "diffuse_radiation": [
      95.4451669376016,
      82.61410984848484,
      75.72214076246335,
      58.0875,
      58.875366568914956,
      56.52222222222223,
      55.903592375366564,
      63.32478005865103,
      59.771969696969684,
      63.52792033235582,
      79.5796085858586,
      86.07661290322582,
      89.27089442815249,
      82.80377435064935,
      84.30455767350927,
      68.07695707070705,
      59.11180351906159,
      53.71287878787878,
      47.365591397849464,
      51.95931085043989,
      54.21597222222221,
      53.17662512218964,
      58.714457070707084,
      70.34310850439883,
      84.1963587487781,
      85.13486154649948,
      78.23313782991202,
      61.26193181818182,
      59.304557673509294,
      52.46300505050505,
      50.271199902248284,
      50.15402003910069,
      55.410416666666656,
      66.12933773216031,
      67.10568181818181,
      90.48539833822093,
      89.38679130009777,
      88.22287608225109,
      82.36956256109482,
      56.651136363636375,
      55.408541055718494,
      52.663320707070696,
      49.57184750733138,
      51.895588954056706,
      62.397601010101,
      67.76038611925709,
      85.1899621212121,
      89.07508553274683,
      92.957050342131,
      88.34145021645021,
      78.51337976539588,
      58.55871212121212,
      55.8128054740958,
      58.34040404040404,
      58.556146138807414,
      56.2427908113392,
      62.00713383838384,
      77.80003665689149,
      86.33421717171716,
      79.67662512218963,
      90.44758064516128,
      96.42958603896105,
      78.14540566959923,
      72.22285353535352,
      59.11992913000979,
      52.7959595959596,
      59.0749633431085,
      53.475073313782985,
      55.01976010101009,
      55.673020527859244,
      67.18150252525253,
      79.23643695014663,
      87.79380498533725,
      85.38930250783699,
      79.99853372434016,
      71.17386363636365,
      54.41721652003909,
      57.54766414141414,
      56.19000488758554,
      52.86925708699903,
      58.20934343434344,
      51.29912023460409,
      -76.70595333869667
    ],
    "direct_normal_irradiance": [
      106.84710516443664,
      200.67735389610397,
      218.52430351906153,
      272.25861742424235,
      242.74371945259034,
      241.66051767676774,
      251.73216642228738,
      236.53715786901267,
      291.5831123737374,
      297.07000244379276,
      212.44190656565658,
      183.27799975562073,
      145.32704056695997,
      207.11754599567095,
      171.87463343108504,
      229.59792929292928,
      247.185538856305,
      254.91933712121218,
      285.22455400782013,
      287.9932490224829,
      305.87708333333336,
      324.1757759042033,
      301.37412878787876,
      248.77566593352876,
      188.63590542521996,
      179.9076998432602,
      201.384084799609,
      247.96215277777776,
      215.71259775171066,
      246.86136363636362,
      271.54014540566965,
      291.33015029325514,
      295.42488005050495,
      261.6582355816227,
      265.2093560606061,
      151.88889296187682,
      122.45527859237536,
      146.85712256493508,
      180.18871578690124,
      244.94296717171719,
      256.28181207233627,
      239.51284090909095,
      273.6116752199414,
      277.1408357771261,
      256.2830808080808,
      270.96235337243394,
      199.51616792929292,
      183.71583577712605,
      169.2312744379276,
      167.84757846320346,
      216.83159824046916,
      277.18851641414136,
      257.3961143695014,
      221.16632575757566,
      245.2743890518084,
      274.0911351417399,
      274.6182891414142,
      231.1370723362659,
      195.3410542929293,
      213.56812683284463,
      199.32256231671556,
      134.68476055194807,
      221.88540444770288,
      215.35896464646467,
      257.65398338220916,
      258.09900883838384,
      233.12712609970674,
      289.7548753665689,
      312.4563888888889,
      323.929001710655,
      282.4918118686869,
      236.89252199413485,
      201.9006353861193,
      209.69801462904908,
      186.9210960410558,
      216.11567550505052,
      262.21047165200395,
      238.39666035353537,
      248.81246334310848,
      290.1811583577712,
      292.401148989899,
      338.00367179863144,
      814.3383346741754
    ]
  }
}