{
  "prov_name": "PAPUA",
  "num_kab": 9,
  "aggregated": true,
  "data": {
    "time": [
      "2018-01",
      "2018-02",
      "2018-03",
      "2018-04",
      "2018-05",
      "2018-06",
      "2018-07",
      "2018-08",
      "2018-09",
      "2018-10",
      "2018-11",
      "2018-12",
      "2019-01",
      "2019-02",
      "2019-03",
      "2019-04",
      "2019-05",
      "2019-06",
      "2019-07",
      "2019-08",
      "2019-09",
      "2019-10",
      "2019-11",
      "2019-12",
      "2020-01",
      "2020-02",
      "2020-03",
      "2020-04",
      "2020-05",
      "2020-06",
      "2020-07",
      "2020-08",
      "2020-09",
      "2020-10",
      "2020-11",
      "2020-12",
      "2021-01",
      "2021-02",
      "2021-03",
      "2021-04",
      "2021-05",
      "2021-06",
      "2021-07",
      "2021-08",
      "2021-09",
      "2021-10",
      "2021-11",
      "2021-12",
      "2022-01",
      "2022-02",
      "2022-03",
      "2022-04",
      "2022-05",
      "2022-06",
      "2022-07",
      "2022-08",
      "2022-09",
      "2022-10",
      "2022-11",
      "2022-12",
      "2023-01",
      "2023-02",
      "2023-03",
      "2023-04",
      "2023-05",
      "2023-06",
      "2023-07",
      "2023-08",
      "2023-09",
      "2023-10",
      "2023-11",
      "2023-12",
      "2024-01",
      "2024-02",
      "2024-03",
      "2024-04",
      "2024-05",
      "2024-06",
      "2024-07",
      "2024-08",
      "2024-09",
      "2024-10",
      "2024-11"
    ],
    "shortwave_radiation": [
      202.57572978755923,
      197.71478174603172,
      190.88366188769413,
      189.90493827160492,
      187.68533452807642,
      176.21574074074073,
      173.19041218637994,
      191.93339307048984,
      205.65725308641973,
      198.96385902031065,
      177.01697530864195,
      185.2577658303465,
      197.40008960573476,
      197.0949074074074,
      191.2511947431302,
      191.04521604938273,
      187.03390083632019,
      167.64243827160493,
      181.4559438470729,
      189.4910394265233,
      224.23595679012345,
      206.0807945041816,
      205.42345679012345,
      191.41666666666666,
      196.68175029868578,
      213.3523307790549,
      191.3957586618877,
      186.25555555555556,
      188.16472520908005,
      184.45246913580246,
      194.42995818399044,
      189.88515531660696,
      204.56882716049384,
      206.16114097968935,
      189.07314814814816,
      187.668458781362,
      190.27792712066903,
      175.58829365079364,
      196.29330943847071,
      193.1385802469136,
      170.9714755077658,
      179.97716049382717,
      177.74417562724017,
      202.40561529271204,
      211.083024691358,
      216.16129032258067,
      221.16635802469136,
      187.06526284348865,
      190.74761051373955,
      189.69494047619048,
      226.90860215053763,
      201.6052469135803,
      203.47744922341695,
      211.13348765432096,
      187.11574074074073,
      214.02314814814815,
      237.39922839506173,
      235.7683691756272,
      216.16466049382714,
      183.96833930704895,
      204.19638590203107,
      183.94841269841265,
      204.33169056152923,
      191.61805555555554,
      196.50970728793308,
      181.4398148148148,
      185.62275985663084,
      201.50104540023892,
      197.91466049382717,
      226.02852449223417,
      226.4179012345679,
      202.3112305854241,
      179.2520908004779,
      204.94428480204343,
      204.3157108721625,
      201.39012345679015,
      176.38396057347668,
      181.29706790123458,
      183.80047789725208,
      219.023596176822,
      231.15555555555562,
      227.5200119474313,
      276.93117010816127
    ],
    "diffuse_radiation": [
      85.77624942686842,
      96.31448412698414,
      95.45146356033453,
      86.14891975308643,
      74.90934886499402,
      71.7891975308642,
      75.58363201911588,
      82.7410394265233,
      83.74475308641976,
      91.07855436081246,
      96.76512345679014,
      89.20773596176822,
      94.83945639187574,
      94.04232804232805,
      92.92069892473118,
      87.74552469135801,
      76.08512544802868,
      72.61512345679013,
      71.59841696535244,
      75.95355436081242,
      73.05061728395063,
      84.34886499402629,
      84.7905864197531,
      86.17084826762246,
      82.26478494623657,
      84.5992975734355,
      88.29793906810035,
      81.79675925925926,
      72.34856630824373,
      69.02901234567902,
      66.81137992831542,
      67.54196535244924,
      78.3949074074074,
      81.50238948626044,
      81.35663580246916,
      81.16875746714456,
      87.1497909199522,
      91.78075396825396,
      86.56586021505376,
      80.71157407407408,
      75.85319593787337,
      67.28888888888888,
      68.98043608124254,
      70.34841696535244,
      74.65061728395062,
      80.89814814814815,
      80.6516975308642,
      91.0297192353644,
      91.15128434886499,
      94.75181878306879,
      86.34662485065711,
      84.66543209876544,
      74.58885902031062,
      64.43132716049382,
      74.6781660692951,
      74.32900238948628,
      74.82314814814815,
      77.09468339307048,
      87.49398148148148,
      94.2589605734767,
      93.68309438470729,
      96.67212301587301,
      92.85797491039428,
      88.2908950617284,
      76.64665471923537,
      75.42175925925926,
      78.05376344086021,
      79.99566905615293,
      87.49537037037037,
      85.24283154121865,
      82.77561728395062,
      87.1836917562724,
      91.67323775388292,
      92.69955300127714,
      90.44653524492234,
      85.72623456790123,
      80.30480884109917,
      75.79753086419753,
      76.40427120669057,
      74.98611111111111,
      78.44598765432099,
      100.47341696535244,
      -38.670599803343165
    ],
    "direct_normal_irradiance": [
      165.23218707015124,
      135.7933862433862,
      125.45582437275986,
      140.19251543209876,
      162.3346475507766,
      155.2064197530864,
      141.779435483871,
      151.7476851851852,
      164.7419444444445,
      146.3893518518518,
      109.08793209876548,
      135.24189068100358,
      143.39683393070484,
      141.25403439153442,
      130.47746415770612,
      142.8554783950618,
      161.55203106332138,
      141.6887037037037,
      162.53298984468344,
      158.9227897252091,
      207.244074074074,
      163.28496117084825,
      168.17592592592595,
      150.14578853046595,
      163.59135304659497,
      175.37637292464882,
      135.95973715651138,
      142.09947530864193,
      165.20165770609316,
      170.55140432098767,
      187.897311827957,
      172.41140979689374,
      170.98092592592585,
      168.13703703703706,
      149.95615740740737,
      153.29041218637994,
      147.71657706093194,
      113.99036044973542,
      147.46666666666667,
      156.8897222222222,
      136.88560334528077,
      167.47989197530868,
      158.82894265232977,
      186.6897550776583,
      185.56763888888884,
      185.20890083632025,
      197.2955864197531,
      136.3493578255674,
      140.41775686977297,
      126.75856481481486,
      190.95339008363203,
      161.16033950617282,
      185.52420848267624,
      221.14475308641974,
      164.3639784946236,
      196.81860812425327,
      223.0685030864197,
      218.9921296296296,
      180.5700925925926,
      125.23266129032254,
      154.20803464755085,
      118.2751157407407,
      148.28869474313026,
      142.46807098765436,
      172.06063321385903,
      157.35033950617284,
      156.2309438470729,
      171.89623655913977,
      150.54523148148147,
      192.0063620071685,
      202.76615740740738,
      165.04826762246117,
      123.97104241338113,
      153.18960727969343,
      153.89112903225808,
      159.19145061728395,
      137.57444743130225,
      156.0034259259259,
      158.80615292712068,
      206.67858422939068,
      209.8025,
      215.13506571087217,
      1278.3534906588002
    ]
  }
}