{
  "prov_name": "PAPUA",
  "num_kab": 9,
  "aggregated": true,
  "data": {
    "time": [
      "2018",
      "2019",
      "2020",
      "2021",
      "2022",
      "2023",
      "2024"
    ],
    "shortwave_radiation": [
      189.33278642653644,
      194.2228944698123,
      194.09814561829592,
      193.67415017757483,
      208.2357813292745,
      200.17976915271436,
      202.4176971326165
    ],
    "diffuse_radiation": [
      85.60534951159951,
      82.7632927447996,
      77.9417754503137,
      79.5314307458143,
      81.47669964485034,
      85.3509893455099,
      82.9398745519713
    ],
    "direct_normal_irradiance": [
      144.20543345543336,
      156.19795915778795,
      162.66077590568705,
      160.46286656519538,
      178.16411339421612,
      161.01967656012187,
      184.65792712066914
    ]
  }
}