{
  "prov_name": "PAPUA BARAT",
  "num_kab": 13,
  "aggregated": true,
  "data": {
    "time": [
      "2018",
      "2019",
      "2020",
      "2021",
      "2022",
      "2023",
      "2024"
    ],
    "shortwave_radiation": [
      196.90307128768666,
      202.0067263786442,
      198.99520106487319,
      198.44771689497716,
      211.83165612925885,
      213.3393045310854,
      204.94177005789908
    ],
    "diffuse_radiation": [
      83.82803254437869,
      81.15152792413068,
      76.99284538321423,
      79.8009220231823,
      81.65788549350194,
      81.5534597822269,
      81.43863730355666
    ],
    "direct_normal_irradiance": [
      158.4497860312765,
      171.07058306989808,
      173.12349814347786,
      167.3781919564454,
      183.00037407797691,
      185.7979943800492,
      187.30187655086866
    ]
  }
}