{
  "prov_name": "PAPUA BARAT",
  "num_kab": 13,
  "aggregated": true,
  "data": {
    "time": [
      "2018-01",
      "2018-02",
      "2018-03",
      "2018-04",
      "2018-05",
      "2018-06",
      "2018-07",
      "2018-08",
      "2018-09",
      "2018-10",
      "2018-11",
      "2018-12",
      "2019-01",
      "2019-02",
      "2019-03",
      "2019-04",
      "2019-05",
      "2019-06",
      "2019-07",
      "2019-08",
      "2019-09",
      "2019-10",
      "2019-11",
      "2019-12",
      "2020-01",
      "2020-02",
      "2020-03",
      "2020-04",
      "2020-05",
      "2020-06",
      "2020-07",
      "2020-08",
      "2020-09",
      "2020-10",
      "2020-11",
      "2020-12",
      "2021-01",
      "2021-02",
      "2021-03",
      "2021-04",
      "2021-05",
      "2021-06",
      "2021-07",
      "2021-08",
      "2021-09",
      "2021-10",
      "2021-11",
      "2021-12",
      "2022-01",
      "2022-02",
      "2022-03",
      "2022-04",
      "2022-05",
      "2022-06",
      "2022-07",
      "2022-08",
      "2022-09",
      "2022-10",
      "2022-11",
      "2022-12",
      "2023-01",
      "2023-02",
      "2023-03",
      "2023-04",
      "2023-05",
      "2023-06",
      "2023-07",
      "2023-08",
      "2023-09",
      "2023-10",
      "2023-11",
      "2023-12",
      "2024-01",
      "2024-02",
      "2024-03",
      "2024-04",
      "2024-05",
      "2024-06",
      "2024-07",
      "2024-08",
      "2024-09",
      "2024-10",
      "2024-11"
    ],
    "shortwave_radiation": [
      201.6716749550312,
      210.3312728937729,
      208.4048800661704,
      194.49754273504274,
      195.689929693962,
      178.27243589743588,
      175.31327543424317,
      193.7633374689826,
      209.38963675213674,
      211.9220430107527,
      201.01250000000002,
      188.60442514474772,
      202.0516956162117,
      204.0204899267399,
      215.18734491315138,
      193.93985042735042,
      195.91294458229942,
      168.5523504273504,
      176.02843258891647,
      192.90239867659224,
      221.40448717948718,
      208.36062861869317,
      230.93985042735042,
      213.70626550868488,
      217.6848635235732,
      216.82493368700267,
      200.9561621174525,
      199.50566239316237,
      202.73676592224973,
      182.06965811965813,
      187.95006203473943,
      190.8997105045492,
      195.24369658119662,
      202.33695202646817,
      193.9380341880342,
      198.6982009925558,
      189.3458436724566,
      206.1142399267399,
      207.07775020678247,
      206.46442307692303,
      178.6326509511993,
      186.60491452991457,
      178.18114143920596,
      195.19251447477257,
      198.06858974358977,
      217.03008684863522,
      221.97029914529912,
      198.1182795698925,
      218.5571753515302,
      204.16391941391942,
      222.69055004135652,
      218.61014957264953,
      199.01333746898263,
      212.01666666666662,
      178.56131100082715,
      206.8494623655914,
      230.08365384615388,
      232.95233664185278,
      218.0682692307692,
      200.95481803143093,
      213.94396195202643,
      207.47287087912085,
      222.49886269644335,
      220.54615384615383,
      212.2606492969396,
      185.37275641025641,
      190.26261373035564,
      206.67442100909847,
      210.5965811965812,
      240.0745450785773,
      235.96324786324783,
      213.22911497105045,
      199.20119933829608,
      225.85444297082225,
      217.8447063688999,
      210.24209401709408,
      191.05531430934658,
      173.45128205128202,
      178.3922663358147,
      203.4018817204301,
      228.76014957264957,
      212.41697684036396,
      248.03607896528254
    ],
    "diffuse_radiation": [
      88.53031425246006,
      89.90270146520146,
      91.75113730355665,
      84.23279914529917,
      70.51633581472291,
      72.16634615384615,
      77.58746898263027,
      83.54642266335814,
      86.82649572649572,
      83.61269644334159,
      90.43632478632479,
      88.26540529363112,
      86.98904052936311,
      92.80494505494507,
      89.02657154673282,
      87.11506410256409,
      75.7909429280397,
      72.37318376068377,
      74.86765922249793,
      78.73573200992556,
      76.65160256410257,
      84.91790736145575,
      75.40064102564102,
      80.63461538461539,
      73.5220223325062,
      81.48828470380194,
      84.44902812241523,
      77.61485042735042,
      69.30397022332505,
      70.62756410256411,
      67.84667080231597,
      72.68382961124897,
      81.56036324786325,
      80.74172870140613,
      83.7167735042735,
      80.47446236559139,
      87.62768817204301,
      87.6095467032967,
      82.96195202646815,
      81.01773504273504,
      73.26157981803144,
      68.85053418803417,
      70.85959470636891,
      75.93341604631927,
      80.79337606837606,
      79.83302315963607,
      80.66143162393163,
      88.93424317617865,
      85.65322580645163,
      95.78205128205127,
      89.59532671629447,
      82.2607905982906,
      74.11331679073615,
      63.46485042735042,
      76.08302315963607,
      78.33260959470637,
      80.24583333333334,
      80.26344086021506,
      84.98141025641027,
      89.866211745244,
      90.54290736145575,
      91.4146062271062,
      84.61838296112488,
      80.38589743589743,
      73.32371794871794,
      73.40940170940172,
      77.17586848635236,
      82.02367659222499,
      87.63461538461539,
      78.29869727047146,
      76.16036324786327,
      84.44303143093467,
      91.76519851116625,
      85.1904288240495,
      90.42969396195203,
      83.00747863247862,
      78.16604631927213,
      78.22660256410255,
      80.1382340777502,
      80.90477667493798,
      78.02724358974359,
      78.76736972704715,
      4.817562968005446
    ],
    "direct_normal_irradiance": [
      159.9014813247275,
      163.8948489010989,
      155.9404983457403,
      149.81250000000003,
      181.02904259718778,
      158.44945512820516,
      143.64076716294457,
      153.84128411910666,
      167.09270299145297,
      175.585153019024,
      153.83672008547003,
      143.58044871794874,
      162.83122415219188,
      152.5545902014652,
      168.92181555004134,
      147.22158119658118,
      172.79255583126553,
      143.91339743589737,
      149.72608560794046,
      163.5241315136477,
      202.46447649572656,
      169.08023159636065,
      222.3540491452992,
      193.9336745244003,
      207.602729528536,
      188.1164566755084,
      156.97145368072785,
      168.6756837606837,
      193.86145574855254,
      167.5154700854701,
      176.81941687344911,
      168.13784119106703,
      155.93316239316235,
      166.37327336641854,
      155.554358974359,
      172.5753618693135,
      146.32348014888342,
      162.5525412087912,
      166.8051799007444,
      174.05577991452995,
      150.46054590570722,
      176.47714743589742,
      157.68320926385442,
      169.50052729528537,
      160.40769230769232,
      189.3761993382961,
      199.67506410256414,
      155.8621071133168,
      187.33723118279568,
      146.4916094322344,
      179.69808726220015,
      184.63950854700857,
      180.9955541770058,
      223.05838675213678,
      149.45429073614557,
      180.603753101737,
      205.25598290598288,
      211.8760752688172,
      186.47513888888892,
      159.16665632754345,
      174.90328784119112,
      157.5233516483516,
      185.30199545078582,
      195.84014957264952,
      201.00889164598843,
      165.81519230769226,
      166.34929693961948,
      174.48223738626965,
      167.2608547008547,
      223.6542287014061,
      227.74967948717952,
      186.57492762613725,
      151.71721464019853,
      192.7327144120247,
      170.65393920595534,
      173.72809829059833,
      162.07196029776676,
      142.35941239316236,
      144.5641129032258,
      170.9470223325062,
      205.7793162393163,
      220.92394540942936,
      1071.6963240299522
    ]
  }
}