{
  "prov_name": "JAWA TIMUR",
  "num_kab": 38,
  "aggregated": true,
  "data": {
    "time": [
      "2018",
      "2019",
      "2020",
      "2021",
      "2022",
      "2023",
      "2024"
    ],
    "shortwave_radiation": [
      223.02387579525734,
      232.2714161259313,
      214.48347473875944,
      213.06246695505888,
      215.82984258591688,
      236.0942892333574,
      228.36580008488966
    ],
    "diffuse_radiation": [
      70.29218780123384,
      66.13480233117038,
      69.48584747387595,
      71.58965693342947,
      75.7682408074982,
      67.93771028598891,
      64.24287634408603
    ],
    "direct_normal_irradiance": [
      219.50419287401192,
      239.159255587599,
      208.85773625491336,
      203.5525684931506,
      199.80660298005276,
      241.41649363133857,
      238.95129987266537
    ]
  }
}