{
  "prov_name": "JAWA TIMUR",
  "num_kab": 38,
  "aggregated": true,
  "data": {
    "time": [
      "2018-01",
      "2018-02",
      "2018-03",
      "2018-04",
      "2018-05",
      "2018-06",
      "2018-07",
      "2018-08",
      "2018-09",
      "2018-10",
      "2018-11",
      "2018-12",
      "2019-01",
      "2019-02",
      "2019-03",
      "2019-04",
      "2019-05",
      "2019-06",
      "2019-07",
      "2019-08",
      "2019-09",
      "2019-10",
      "2019-11",
      "2019-12",
      "2020-01",
      "2020-02",
      "2020-03",
      "2020-04",
      "2020-05",
      "2020-06",
      "2020-07",
      "2020-08",
      "2020-09",
      "2020-10",
      "2020-11",
      "2020-12",
      "2021-01",
      "2021-02",
      "2021-03",
      "2021-04",
      "2021-05",
      "2021-06",
      "2021-07",
      "2021-08",
      "2021-09",
      "2021-10",
      "2021-11",
      "2021-12",
      "2022-01",
      "2022-02",
      "2022-03",
      "2022-04",
      "2022-05",
      "2022-06",
      "2022-07",
      "2022-08",
      "2022-09",
      "2022-10",
      "2022-11",
      "2022-12",
      "2023-01",
      "2023-02",
      "2023-03",
      "2023-04",
      "2023-05",
      "2023-06",
      "2023-07",
      "2023-08",
      "2023-09",
      "2023-10",
      "2023-11",
      "2023-12",
      "2024-01",
      "2024-02",
      "2024-03",
      "2024-04",
      "2024-05",
      "2024-06",
      "2024-07",
      "2024-08",
      "2024-09",
      "2024-10",
      "2024-11"
    ],
    "shortwave_radiation": [
      176.62336205024252,
      190.98229949874687,
      221.24964629315232,
      231.84404239766081,
      222.9806876061121,
      206.82927631578943,
      221.9234932088285,
      237.95299235993213,
      264.85749269005845,
      274.98546264855696,
      225.5336257309942,
      200.11279711375212,
      196.0819185059423,
      219.0115523182957,
      198.11654640633841,
      212.64985380116957,
      226.0622170345218,
      219.5708698830409,
      223.39272071307306,
      246.96844934917934,
      274.5550438596491,
      284.12514148273914,
      261.92068713450294,
      222.36817345783814,
      216.3256578947368,
      195.91178917120388,
      207.77956989247315,
      208.8032529239766,
      200.31154499151103,
      206.5517178362573,
      217.28922608941718,
      238.2749363327674,
      260.33841374269,
      228.26924165251842,
      218.46918859649116,
      177.4929258630447,
      164.18732314657615,
      187.20817669172928,
      211.66977928692702,
      227.1294225146199,
      216.8606395019808,
      196.2417032163743,
      220.81670911148845,
      236.20939445387663,
      241.21432748538015,
      253.7190860215054,
      191.93347953216377,
      208.3167444821731,
      211.8890421618562,
      203.2727913533835,
      219.3176287492926,
      225.25566520467837,
      200.38264006791172,
      199.93790204678362,
      217.9070104697227,
      236.84362620260336,
      250.39429824561398,
      212.48864601018678,
      200.63709795321643,
      209.5811049801924,
      223.19029428409732,
      184.5797697368421,
      231.9848967176005,
      215.3580774853801,
      223.2811262026033,
      214.4513888888889,
      218.38387804187892,
      251.7908177702321,
      277.3305921052632,
      286.58450056593097,
      257.6900950292397,
      244.96774193548382,
      219.80036785512166,
      223.36925287356323,
      217.95921760045277,
      212.50701754385963,
      229.7979626485569,
      211.98033625731,
      222.8171335597057,
      251.76329937747596,
      266.4898391812866,
      243.62927985285793,
      100.83814625058224
    ],
    "diffuse_radiation": [
      97.03315717078117,
      86.23739035087719,
      77.5710597057159,
      61.65442251461989,
      53.167020373514426,
      53.758698830409344,
      53.988044708545566,
      60.278048953027735,
      62.64155701754387,
      67.23613469156761,
      82.96575292397661,
      89.97396717600452,
      89.3829230333899,
      86.32745927318298,
      86.36969439728354,
      72.81403508771929,
      52.72807017543861,
      48.763669590643275,
      49.08718873797397,
      52.69432654216184,
      54.764108187134504,
      57.556027164685894,
      63.91494883040939,
      79.84772920203734,
      81.18707555178267,
      88.17574107683,
      82.54332908885117,
      69.36348684210526,
      59.52447651386531,
      49.84429824561405,
      49.54421335597058,
      52.86074561403508,
      58.70844298245612,
      75.52231890209396,
      77.89184941520469,
      89.60211516694964,
      92.00873655913982,
      89.12778038847118,
      83.97937889077531,
      60.531469298245625,
      52.52900396151671,
      54.06176900584794,
      49.65085597057159,
      53.61470713073006,
      65.08384502923978,
      74.6733517260894,
      94.57372076023394,
      90.59769383135259,
      92.55684069043578,
      93.43710839599,
      87.17098189020938,
      68.0383040935672,
      62.916136106395015,
      57.76874999999999,
      53.85338851160159,
      58.19422043010756,
      67.95676169590642,
      91.28834182229768,
      93.67913011695907,
      83.82664827391056,
      90.95497311827958,
      95.52643327067669,
      77.14367572156195,
      75.63746345029237,
      55.367183078664404,
      50.138450292397664,
      52.727433503112614,
      52.97035936615734,
      55.65051169590643,
      57.551004527447645,
      74.55884502923978,
      78.79021646859083,
      91.88702603282401,
      85.78595735027221,
      81.87086162988116,
      73.48972953216376,
      50.68530701754386,
      51.40065789473683,
      51.99303197509905,
      52.99090973401244,
      58.378947368421066,
      55.046194114318055,
      -10.744993013507203
    ],
    "direct_normal_irradiance": [
      106.69101932961706,
      141.45921052631581,
      196.677850877193,
      244.7248866959064,
      259.13659097340127,
      243.4403106725147,
      262.3519807583475,
      262.08199985851724,
      280.88504020467843,
      284.41154145444256,
      195.96510964912278,
      150.13197156196944,
      145.15871533672887,
      179.6375861528822,
      150.7687641482739,
      199.19078947368425,
      265.93155065082055,
      272.53775950292396,
      274.1101443123939,
      286.35393675721565,
      306.89012792397665,
      310.9356430390493,
      275.65340643274857,
      197.78832767402378,
      186.34948358800222,
      145.48587038717486,
      170.35409238822868,
      199.63061038011702,
      214.07103494623652,
      250.80686038011697,
      263.0745507923034,
      273.02877758913417,
      281.76689327485377,
      207.61578947368423,
      193.5634831871345,
      121.25070741369552,
      97.38014289756649,
      131.48274201127816,
      173.5953735144313,
      240.22963450292397,
      252.41262379739683,
      224.87133040935666,
      268.7957732031692,
      269.1147248160725,
      244.10244517543867,
      243.49626839275606,
      131.5267909356725,
      160.95838992642902,
      162.70873302207133,
      147.05226738721808,
      176.03559352009052,
      223.99811403508772,
      208.02629456706285,
      223.83357456140345,
      256.6220323995474,
      261.85070033955856,
      251.84132675438602,
      161.89655135823432,
      142.6676535087719,
      175.4330468307866,
      180.8466893039049,
      116.79909147869672,
      211.04062676853422,
      196.44548976608186,
      257.41724674589693,
      261.68040935672514,
      258.45937676853424,
      292.83009337860784,
      309.5441520467837,
      315.3301464346349,
      254.0806286549707,
      234.0902518392756,
      176.1980086304471,
      186.38771173623712,
      187.47883064516125,
      196.72319809941519,
      275.44278791737406,
      256.5108589181286,
      267.16632003395586,
      292.43603919071876,
      289.91300438596494,
      263.8888900679117,
      192.64925477410338
    ]
  }
}