{
  "prov_name": "GORONTALO",
  "num_kab": 6,
  "aggregated": true,
  "data": {
    "time": [
      "2018-01",
      "2018-02",
      "2018-03",
      "2018-04",
      "2018-05",
      "2018-06",
      "2018-07",
      "2018-08",
      "2018-09",
      "2018-10",
      "2018-11",
      "2018-12",
      "2019-01",
      "2019-02",
      "2019-03",
      "2019-04",
      "2019-05",
      "2019-06",
      "2019-07",
      "2019-08",
      "2019-09",
      "2019-10",
      "2019-11",
      "2019-12",
      "2020-01",
      "2020-02",
      "2020-03",
      "2020-04",
      "2020-05",
      "2020-06",
      "2020-07",
      "2020-08",
      "2020-09",
      "2020-10",
      "2020-11",
      "2020-12",
      "2021-01",
      "2021-02",
      "2021-03",
      "2021-04",
      "2021-05",
      "2021-06",
      "2021-07",
      "2021-08",
      "2021-09",
      "2021-10",
      "2021-11",
      "2021-12",
      "2022-01",
      "2022-02",
      "2022-03",
      "2022-04",
      "2022-05",
      "2022-06",
      "2022-07",
      "2022-08",
      "2022-09",
      "2022-10",
      "2022-11",
      "2022-12",
      "2023-01",
      "2023-02",
      "2023-03",
      "2023-04",
      "2023-05",
      "2023-06",
      "2023-07",
      "2023-08",
      "2023-09",
      "2023-10",
      "2023-11",
      "2023-12",
      "2024-01",
      "2024-02",
      "2024-03",
      "2024-04",
      "2024-05",
      "2024-06",
      "2024-07",
      "2024-08",
      "2024-09",
      "2024-10",
      "2024-11"
    ],
    "shortwave_radiation": [
      193.7496561210454,
      199.82192460317458,
      211.7616487455197,
      199.2673611111111,
      197.27128136200716,
      198.74837962962962,
      210.766353046595,
      239.72737455197128,
      265.2784722222222,
      228.48655913978493,
      206.58842592592592,
      195.64717741935485,
      191.04390681003588,
      231.50322420634924,
      238.10461469534047,
      210.48009259259263,
      218.4935035842294,
      190.02685185185183,
      202.04838709677418,
      253.4144265232975,
      270.7692129629629,
      233.18637992831543,
      239.4761574074074,
      203.0611559139785,
      206.32280465949825,
      225.68630268199232,
      204.48969534050184,
      221.89166666666665,
      211.6527777777778,
      173.5902777777778,
      170.7905465949821,
      217.00560035842295,
      203.8025462962963,
      201.51120071684588,
      206.70300925925926,
      192.8566308243728,
      183.8026433691756,
      209.05654761904762,
      206.6211917562724,
      221.1421296296296,
      183.96079749103941,
      195.03958333333333,
      193.49036738351253,
      201.17316308243724,
      188.8446759259259,
      228.7293906810036,
      196.14814814814815,
      207.65927419354838,
      194.7968189964158,
      191.2542162698413,
      217.05936379928315,
      215.69212962962965,
      193.6106630824373,
      214.33310185185186,
      182.80309139784947,
      211.55286738351256,
      228.82546296296297,
      221.6518817204301,
      206.59861111111113,
      199.1337365591398,
      199.4287634408602,
      208.09623015873015,
      212.82146057347668,
      228.1641203703704,
      214.32056451612902,
      203.0333333333333,
      213.01433691756276,
      249.31474014336914,
      262.57430555555555,
      274.29502688172045,
      221.43819444444443,
      213.7051971326165,
      202.2764336917563,
      240.727969348659,
      231.728270609319,
      232.51203703703706,
      207.38664874551975,
      179.25393518518516,
      192.80309139784947,
      205.14628136200716,
      249.83888888888887,
      222.07862903225805,
      291.0530973451328
    ],
    "diffuse_radiation": [
      86.03576341127922,
      86.91021825396825,
      87.53113799283155,
      79.81481481481482,
      73.91801075268818,
      71.10555555555555,
      71.42652329749104,
      69.22110215053765,
      68.0125,
      82.62275985663082,
      84.97638888888889,
      84.80510752688173,
      87.50672043010752,
      79.65649801587301,
      80.96594982078852,
      78.88055555555555,
      73.03741039426524,
      70.68356481481482,
      68.95295698924731,
      61.223118279569896,
      59.0849537037037,
      71.37074372759857,
      62.67013888888889,
      77.13552867383513,
      73.4527329749104,
      78.73132183908046,
      78.9361559139785,
      70.54791666666667,
      69.15793010752688,
      74.02638888888889,
      74.11626344086021,
      66.04659498207886,
      78.87939814814816,
      82.69959677419355,
      79.5537037037037,
      79.60013440860216,
      84.50963261648745,
      85.76835317460318,
      83.76657706093191,
      75.98194444444444,
      72.73163082437276,
      70.47939814814814,
      70.64583333333333,
      74.53382616487455,
      80.10925925925926,
      76.33378136200714,
      87.49467592592593,
      83.57571684587813,
      90.1375448028674,
      93.49429563492065,
      88.42271505376344,
      84.43310185185184,
      81.94713261648745,
      69.41064814814816,
      79.10304659498208,
      81.7269265232975,
      82.58935185185184,
      86.2347670250896,
      86.16412037037037,
      85.17047491039425,
      89.2029569892473,
      90.82564484126983,
      90.42697132616486,
      76.44421296296296,
      78.43637992831542,
      72.0611111111111,
      72.55398745519713,
      67.36223118279571,
      67.25671296296296,
      59.38284050179212,
      74.54560185185184,
      76.64045698924731,
      82.95273297491039,
      76.51197318007664,
      82.59632616487455,
      70.70578703703704,
      74.34251792114695,
      80.2824074074074,
      73.46393369175627,
      79.94847670250896,
      74.33194444444445,
      67.42876344086021,
      51.66814159292036
    ],
    "direct_normal_irradiance": [
      157.62035763411276,
      161.93397817460314,
      171.4787634408602,
      166.54342592592596,
      178.2435707885304,
      189.3183564814816,
      202.685394265233,
      241.01359767025087,
      272.5728935185186,
      202.82988351254482,
      176.25960648148148,
      165.06512096774193,
      153.60571236559144,
      215.03167162698412,
      220.0754480286738,
      183.17814814814824,
      211.47869623655913,
      177.86050925925937,
      196.68550627240145,
      274.1383064516129,
      295.49875000000003,
      225.1220430107527,
      259.4246759259259,
      187.23375896057345,
      197.98696236559135,
      209.9113266283525,
      175.43277329749105,
      211.44627314814815,
      204.62141577060927,
      147.54425925925926,
      141.84583333333333,
      214.66527777777785,
      172.85090277777775,
      167.1828181003584,
      184.58835648148147,
      169.51736111111117,
      146.1679883512545,
      175.04987599206348,
      170.57883064516128,
      201.624050925926,
      161.08590949820788,
      186.5091435185185,
      180.46171594982079,
      180.08918010752691,
      148.19284722222224,
      212.27443996415766,
      157.27608796296298,
      183.1443772401433,
      153.4773521505376,
      137.30287698412695,
      177.52609767025083,
      183.88194444444449,
      162.54251792114695,
      216.06085648148152,
      152.53133960573487,
      184.52661290322578,
      200.41622685185186,
      188.49195788530469,
      169.38048611111108,
      166.89811827956984,
      160.33779121863805,
      162.95835813492067,
      171.58606630824366,
      212.00671296296295,
      195.67461917562727,
      194.63141203703708,
      204.97905465949825,
      259.25380824372763,
      270.1571527777778,
      302.9429883512544,
      213.62363425925932,
      205.69238351254478,
      176.61146953405014,
      233.36247605363977,
      206.22896505376335,
      227.56844907407412,
      195.15324820788533,
      146.55016203703704,
      175.07997311827958,
      178.1597894265233,
      242.88923611111113,
      259.1189292114695,
      1355.860914454277
    ]
  }
}