{
  "prov_name": "GORONTALO",
  "num_kab": 6,
  "aggregated": true,
  "data": {
    "time": [
      "2018",
      "2019",
      "2020",
      "2021",
      "2022",
      "2023",
      "2024"
    ],
    "shortwave_radiation": [
      212.01707493894995,
      223.44178082191777,
      202.93571645415906,
      201.2843607305936,
      206.27800608828008,
      225.18679604261797,
      217.65660842293903
    ],
    "diffuse_radiation": [
      78.72537011599512,
      72.59111491628614,
      75.44379933211901,
      78.74103881278539,
      84.10110350076104,
      76.17159436834093,
      75.98653673835126
    ],
    "direct_normal_irradiance": [
      190.3419490231992,
      216.59322488584473,
      183.06065194292657,
      175.31564117199386,
      174.21697108066977,
      213.21803462709286,
      221.69293682795706
    ]
  }
}