{
  "prov_name": "SUMATERA BARAT",
  "num_kab": 19,
  "aggregated": true,
  "data": {
    "time": [
      "2018-01",
      "2018-02",
      "2018-03",
      "2018-04",
      "2018-05",
      "2018-06",
      "2018-07",
      "2018-08",
      "2018-09",
      "2018-10",
      "2018-11",
      "2018-12",
      "2019-01",
      "2019-02",
      "2019-03",
      "2019-04",
      "2019-05",
      "2019-06",
      "2019-07",
      "2019-08",
      "2019-09",
      "2019-10",
      "2019-11",
      "2019-12",
      "2020-01",
      "2020-02",
      "2020-03",
      "2020-04",
      "2020-05",
      "2020-06",
      "2020-07",
      "2020-08",
      "2020-09",
      "2020-10",
      "2020-11",
      "2020-12",
      "2021-01",
      "2021-02",
      "2021-03",
      "2021-04",
      "2021-05",
      "2021-06",
      "2021-07",
      "2021-08",
      "2021-09",
      "2021-10",
      "2021-11",
      "2021-12",
      "2022-01",
      "2022-02",
      "2022-03",
      "2022-04",
      "2022-05",
      "2022-06",
      "2022-07",
      "2022-08",
      "2022-09",
      "2022-10",
      "2022-11",
      "2022-12",
      "2023-01",
      "2023-02",
      "2023-03",
      "2023-04",
      "2023-05",
      "2023-06",
      "2023-07",
      "2023-08",
      "2023-09",
      "2023-10",
      "2023-11",
      "2023-12",
      "2024-01",
      "2024-02",
      "2024-03",
      "2024-04",
      "2024-05",
      "2024-06",
      "2024-07",
      "2024-08",
      "2024-09",
      "2024-10",
      "2024-11"
    ],
    "shortwave_radiation": [
      201.29884891044665,
      183.0614818295739,
      189.5539049235993,
      187.90540935672513,
      175.05531975099038,
      189.24159356725147,
      195.37217034521785,
      204.79661856253537,
      198.85687134502928,
      182.1760752688172,
      179.85358187134497,
      190.09097340124504,
      189.7076259196378,
      190.59414160401002,
      212.8548387096774,
      196.55065789473684,
      199.31897283531413,
      174.66907894736843,
      204.9495614035088,
      212.62584889643463,
      224.7108187134503,
      210.71873231465761,
      213.2511695906433,
      170.8153650254669,
      188.8646010186757,
      205.13233514821536,
      213.99023769100168,
      177.265350877193,
      184.4740379173741,
      181.65138888888887,
      179.63617713638934,
      204.67119411431804,
      181.7800438596491,
      187.32427843803055,
      171.66959064327483,
      199.16369552914546,
      178.28961516694963,
      221.93475877192984,
      191.38660158460664,
      199.32799707602337,
      175.6324985851726,
      200.26622807017543,
      196.43138087153366,
      184.63264006791172,
      191.33662280701756,
      212.82364176570462,
      205.8671052631579,
      191.94156762874928,
      205.99865591397847,
      221.40249060150376,
      241.4372524052066,
      218.40168128654975,
      209.6299518958687,
      186.552485380117,
      203.6449490662139,
      202.41935483870967,
      196.49327485380115,
      181.50063667232598,
      184.96798245614036,
      194.86148839841542,
      192.306805319751,
      213.67473370927314,
      211.20571590265982,
      214.53267543859644,
      199.4607385398982,
      200.60986842105262,
      194.37945670628184,
      201.50636672325976,
      229.06505847953218,
      223.55390492359933,
      208.32317251461984,
      189.84712790039615,
      195.24144029428408,
      205.3043708408953,
      213.33510186757215,
      199.78925438596488,
      183.6622807017544,
      195.2146929824561,
      220.17621675155632,
      204.61778438030558,
      212.09758771929825,
      206.9818194680249,
      165.09501630181646
    ],
    "diffuse_radiation": [
      93.20531383479332,
      85.71867167919797,
      89.97736276174308,
      84.33793859649124,
      78.2437040181098,
      76.618932748538,
      76.31013016411997,
      82.00162705149972,
      92.11001461988306,
      92.42536785512169,
      88.70723684210527,
      88.1873231465761,
      89.87026032823994,
      89.19854323308272,
      87.13002263723824,
      85.5670321637427,
      77.01945387662705,
      74.78055555555555,
      68.26846349745331,
      76.90478211658179,
      79.47324561403508,
      86.08149405772495,
      78.17426900584796,
      84.20592812676854,
      84.22113752122243,
      84.53055051421659,
      84.14721279003962,
      83.88114035087719,
      79.13511601584608,
      69.45599415204678,
      72.97736276174308,
      75.58750707413697,
      84.221783625731,
      89.39685908319186,
      85.74013157894737,
      81.3644595359366,
      87.19234578381439,
      82.62554824561404,
      86.55093378607809,
      82.62982456140352,
      78.18173457838145,
      69.46067251461989,
      70.76280418788907,
      81.8363752122241,
      84.3437134502924,
      87.90966327108092,
      90.14583333333331,
      85.40867289190719,
      85.05553197509903,
      89.89152568922306,
      79.27483022071308,
      84.50533625730996,
      75.67685342388228,
      79.60964912280701,
      73.8561827956989,
      83.55807866440294,
      93.18457602339181,
      98.0641624221845,
      93.76125730994151,
      89.42020373514431,
      96.14219015280136,
      93.59147869674186,
      94.24957555178267,
      88.18282163742691,
      78.06444538766272,
      74.8796783625731,
      78.38603565365024,
      83.9995755517827,
      83.79802631578947,
      86.81288907753253,
      89.10080409356726,
      86.41037068477645,
      88.41977928692698,
      93.04385964912281,
      89.34953310696095,
      86.09451754385964,
      82.75912563667232,
      75.83252923976609,
      69.27773061686474,
      84.06868986983586,
      88.22426900584794,
      73.42996604414262,
      26.285514671634836
    ],
    "direct_normal_irradiance": [
      150.7667921523203,
      133.26409774436092,
      131.91308007923027,
      142.00303362573104,
      136.70074278438028,
      162.7243567251462,
      171.02899688737972,
      169.8714558573854,
      142.08623538011693,
      119.77040181097908,
      127.32298245614031,
      146.6850664968874,
      140.2854131295982,
      138.18330200501248,
      168.3333404074703,
      150.74640350877192,
      174.9135257498585,
      145.60770467836252,
      198.95368562535373,
      188.56924872665536,
      199.3144225146199,
      170.26027872099604,
      192.1167178362573,
      124.3460880022637,
      149.23312110922467,
      166.27207350272238,
      175.67761743067345,
      127.34999269005846,
      149.7805885681947,
      166.0226608187134,
      153.49326542161853,
      179.64234578381436,
      129.97981725146198,
      132.18920486700623,
      120.47737573099414,
      172.62810554612332,
      129.67703735144315,
      190.16172462406018,
      141.40589983022068,
      159.84184210526317,
      138.34671052631583,
      192.2731798245614,
      182.0170557441992,
      141.87611063950197,
      142.43691520467837,
      170.5000778155065,
      163.8672880116959,
      154.22932229767963,
      172.87154074702892,
      176.12398182957386,
      220.20263865308434,
      183.38021929824563,
      190.8290676287493,
      155.12837719298247,
      187.68157894736842,
      163.41032116581778,
      135.90112573099418,
      110.17292020373512,
      127.56931286549707,
      151.15432229767967,
      134.2343590831919,
      163.86684680451128,
      157.19011035653656,
      172.87323099415207,
      172.88849037917373,
      182.69625730994153,
      166.9221844934918,
      163.6278367289191,
      196.58988304093563,
      187.13904923599318,
      168.28266081871345,
      149.81625636672325,
      150.087811262026,
      152.80443133696315,
      168.11186332767406,
      156.9351023391813,
      143.7847057159026,
      173.58895467836263,
      219.33931805319753,
      167.70982597623092,
      165.78843567251465,
      182.17734861346915,
      548.9567303213787
    ]
  }
}