{
  "prov_name": "SUMATERA BARAT",
  "num_kab": 19,
  "aggregated": true,
  "data": {
    "time": [
      "2018",
      "2019",
      "2020",
      "2021",
      "2022",
      "2023",
      "2024"
    ],
    "shortwave_radiation": [
      189.60490770194716,
      200.12918168709447,
      189.68489957818042,
      195.6262737322759,
      203.75646479211727,
      206.43430064888244,
      203.31511743067344
    ],
    "diffuse_radiation": [
      85.57546510507036,
      81.35022230233118,
      81.18986674336114,
      82.24176880557557,
      85.456717135304,
      86.09118000480653,
      82.20615449915108
    ],
    "direct_normal_irradiance": [
      144.3909864806247,
      166.15545962509003,
      152.01538083596955,
      158.683563446287,
      164.38325823119445,
      167.94084715212685,
      174.18828947368425
    ]
  }
}